season,team_id,team_nm,team_location,team_nm_location,team_location_abbreviation,conference_nm,division_nm,conference_id,conference_division_nm,division_id,season_id,,,,season,
2000,1,Cardinals,Arizona,Arizona Cardinals,ARI,NFC,East,1,NFC East,1,1,,,,2000,1
2001,1,Cardinals,Arizona,Arizona Cardinals,ARI,NFC,East,1,NFC East,1,2,,,,2001,2
2002,1,Cardinals,Arizona,Arizona Cardinals,ARI,NFC,West,1,NFC West,2,3,,,,2002,3
2003,1,Cardinals,Arizona,Arizona Cardinals,ARI,NFC,West,1,NFC West,2,4,,,,2003,4
2004,1,Cardinals,Arizona,Arizona Cardinals,ARI,NFC,West,1,NFC West,2,5,,,,2004,5
2005,1,Cardinals,Arizona,Arizona Cardinals,ARI,NFC,West,1,NFC West,2,6,,,,2005,6
2006,1,Cardinals,Arizona,Arizona Cardinals,ARI,NFC,West,1,NFC West,2,7,,,,2006,7
2007,1,Cardinals,Arizona,Arizona Cardinals,ARI,NFC,West,1,NFC West,2,8,,,,2007,8
2008,1,Cardinals,Arizona,Arizona Cardinals,ARI,NFC,West,1,NFC West,2,9,,,,2008,9
2009,1,Cardinals,Arizona,Arizona Cardinals,ARI,NFC,West,1,NFC West,2,10,,,,2009,10
2010,1,Cardinals,Arizona,Arizona Cardinals,ARI,NFC,West,1,NFC West,2,11,,,,2010,11
2011,1,Cardinals,Arizona,Arizona Cardinals,ARI,NFC,West,1,NFC West,2,12,,,,2011,12
2012,1,Cardinals,Arizona,Arizona Cardinals,ARI,NFC,West,1,NFC West,2,13,,,,2012,13
2013,1,Cardinals,Arizona,Arizona Cardinals,ARI,NFC,West,1,NFC West,2,14,,,,2013,14
2014,1,Cardinals,Arizona,Arizona Cardinals,ARI,NFC,West,1,NFC West,2,15,,,,2014,15
2015,1,Cardinals,Arizona,Arizona Cardinals,ARI,NFC,West,1,NFC West,2,16,,,,2015,16
2016,1,Cardinals,Arizona,Arizona Cardinals,ARI,NFC,West,1,NFC West,2,17,,,,2016,17
2017,1,Cardinals,Arizona,Arizona Cardinals,ARI,NFC,West,1,NFC West,2,18,,,,2017,18
2018,1,Cardinals,Arizona,Arizona Cardinals,ARI,NFC,West,1,NFC West,2,19,,,,2018,19
2019,1,Cardinals,Arizona,Arizona Cardinals,ARI,NFC,West,1,NFC West,2,20,,,,2019,20
2020,1,Cardinals,Arizona,Arizona Cardinals,ARI,NFC,West,1,NFC West,2,21,,,,2020,21
2021,1,Cardinals,Arizona,Arizona Cardinals,ARI,NFC,West,1,NFC West,2,22,,,,2021,22
2022,1,Cardinals,Arizona,Arizona Cardinals,ARI,NFC,West,1,NFC West,2,23,,,,2022,23
2023,1,Cardinals,Arizona,Arizona Cardinals,ARI,NFC,West,1,NFC West,2,24,,,,2023,24
2024,1,Cardinals,Arizona,Arizona Cardinals,ARI,NFC,West,1,NFC West,2,25,,,,2024,25
2025,1,Cardinals,Arizona,Arizona Cardinals,ARI,NFC,West,1,NFC West,2,26,,,,2025,26
2000,2,Falcons,Atlanta,Atlanta Falcons,ATL,NFC,West,1,NFC West,2,1,,,,,
2001,2,Falcons,Atlanta,Atlanta Falcons,ATL,NFC,West,1,NFC West,2,2,,,,,
2002,2,Falcons,Atlanta,Atlanta Falcons,ATL,NFC,South,1,NFC South,3,3,,,,,
2003,2,Falcons,Atlanta,Atlanta Falcons,ATL,NFC,South,1,NFC South,3,4,,,,,
2004,2,Falcons,Atlanta,Atlanta Falcons,ATL,NFC,South,1,NFC South,3,5,,,,,
2005,2,Falcons,Atlanta,Atlanta Falcons,ATL,NFC,South,1,NFC South,3,6,,,,,
2006,2,Falcons,Atlanta,Atlanta Falcons,ATL,NFC,South,1,NFC South,3,7,,,,,
2007,2,Falcons,Atlanta,Atlanta Falcons,ATL,NFC,South,1,NFC South,3,8,,,,,
2008,2,Falcons,Atlanta,Atlanta Falcons,ATL,NFC,South,1,NFC South,3,9,,,,,
2009,2,Falcons,Atlanta,Atlanta Falcons,ATL,NFC,South,1,NFC South,3,10,,,,,
2010,2,Falcons,Atlanta,Atlanta Falcons,ATL,NFC,South,1,NFC South,3,11,,,,,
2011,2,Falcons,Atlanta,Atlanta Falcons,ATL,NFC,South,1,NFC South,3,12,,,,,
2012,2,Falcons,Atlanta,Atlanta Falcons,ATL,NFC,South,1,NFC South,3,13,,,,,
2013,2,Falcons,Atlanta,Atlanta Falcons,ATL,NFC,South,1,NFC South,3,14,,,,,
2014,2,Falcons,Atlanta,Atlanta Falcons,ATL,NFC,South,1,NFC South,3,15,,,,,
2015,2,Falcons,Atlanta,Atlanta Falcons,ATL,NFC,South,1,NFC South,3,16,,,,,
2016,2,Falcons,Atlanta,Atlanta Falcons,ATL,NFC,South,1,NFC South,3,17,,,,,
2017,2,Falcons,Atlanta,Atlanta Falcons,ATL,NFC,South,1,NFC South,3,18,,,,,
2018,2,Falcons,Atlanta,Atlanta Falcons,ATL,NFC,South,1,NFC South,3,19,,,,,
2019,2,Falcons,Atlanta,Atlanta Falcons,ATL,NFC,South,1,NFC South,3,20,,,,,
2020,2,Falcons,Atlanta,Atlanta Falcons,ATL,NFC,South,1,NFC South,3,21,,,,,
2021,2,Falcons,Atlanta,Atlanta Falcons,ATL,NFC,South,1,NFC South,3,22,,,,,
2022,2,Falcons,Atlanta,Atlanta Falcons,ATL,NFC,South,1,NFC South,3,23,,,,,
2023,2,Falcons,Atlanta,Atlanta Falcons,ATL,NFC,South,1,NFC South,3,24,,,,,
2024,2,Falcons,Atlanta,Atlanta Falcons,ATL,NFC,South,1,NFC South,3,25,,,,,
2025,2,Falcons,Atlanta,Atlanta Falcons,ATL,NFC,South,1,NFC South,3,26,,,,,
2000,3,Ravens,Baltimore,Baltimore Ravens,BAL,AFC,Central,2,AFC Central,4,1,,,,,
2001,3,Ravens,Baltimore,Baltimore Ravens,BAL,AFC,Central,2,AFC Central,4,2,,,,,
2002,3,Ravens,Baltimore,Baltimore Ravens,BAL,AFC,North,2,AFC North,5,3,,,,,
2003,3,Ravens,Baltimore,Baltimore Ravens,BAL,AFC,North,2,AFC North,5,4,,,,,
2004,3,Ravens,Baltimore,Baltimore Ravens,BAL,AFC,North,2,AFC North,5,5,,,,,
2005,3,Ravens,Baltimore,Baltimore Ravens,BAL,AFC,North,2,AFC North,5,6,,,,,
2006,3,Ravens,Baltimore,Baltimore Ravens,BAL,AFC,North,2,AFC North,5,7,,,,,
2007,3,Ravens,Baltimore,Baltimore Ravens,BAL,AFC,North,2,AFC North,5,8,,,,,
2008,3,Ravens,Baltimore,Baltimore Ravens,BAL,AFC,North,2,AFC North,5,9,,,,,
2009,3,Ravens,Baltimore,Baltimore Ravens,BAL,AFC,North,2,AFC North,5,10,,,,,
2010,3,Ravens,Baltimore,Baltimore Ravens,BAL,AFC,North,2,AFC North,5,11,,,,,
2011,3,Ravens,Baltimore,Baltimore Ravens,BAL,AFC,North,2,AFC North,5,12,,,,,
2012,3,Ravens,Baltimore,Baltimore Ravens,BAL,AFC,North,2,AFC North,5,13,,,,,
2013,3,Ravens,Baltimore,Baltimore Ravens,BAL,AFC,North,2,AFC North,5,14,,,,,
2014,3,Ravens,Baltimore,Baltimore Ravens,BAL,AFC,North,2,AFC North,5,15,,,,,
2015,3,Ravens,Baltimore,Baltimore Ravens,BAL,AFC,North,2,AFC North,5,16,,,,,
2016,3,Ravens,Baltimore,Baltimore Ravens,BAL,AFC,North,2,AFC North,5,17,,,,,
2017,3,Ravens,Baltimore,Baltimore Ravens,BAL,AFC,North,2,AFC North,5,18,,,,,
2018,3,Ravens,Baltimore,Baltimore Ravens,BAL,AFC,North,2,AFC North,5,19,,,,,
2019,3,Ravens,Baltimore,Baltimore Ravens,BAL,AFC,North,2,AFC North,5,20,,,,,
2020,3,Ravens,Baltimore,Baltimore Ravens,BAL,AFC,North,2,AFC North,5,21,,,,,
2021,3,Ravens,Baltimore,Baltimore Ravens,BAL,AFC,North,2,AFC North,5,22,,,,,
2022,3,Ravens,Baltimore,Baltimore Ravens,BAL,AFC,North,2,AFC North,5,23,,,,,
2023,3,Ravens,Baltimore,Baltimore Ravens,BAL,AFC,North,2,AFC North,5,24,,,,,
2024,3,Ravens,Baltimore,Baltimore Ravens,BAL,AFC,North,2,AFC North,5,25,,,,,
2025,3,Ravens,Baltimore,Baltimore Ravens,BAL,AFC,North,2,AFC North,5,26,,,,,
2000,4,Bills,Buffalo,Buffalo Bills,BUF,AFC,East,2,AFC East,6,1,,,,,
2001,4,Bills,Buffalo,Buffalo Bills,BUF,AFC,East,2,AFC East,6,2,,,,,
2002,4,Bills,Buffalo,Buffalo Bills,BUF,AFC,East,2,AFC East,6,3,,,,,
2003,4,Bills,Buffalo,Buffalo Bills,BUF,AFC,East,2,AFC East,6,4,,,,,
2004,4,Bills,Buffalo,Buffalo Bills,BUF,AFC,East,2,AFC East,6,5,,,,,
2005,4,Bills,Buffalo,Buffalo Bills,BUF,AFC,East,2,AFC East,6,6,,,,,
2006,4,Bills,Buffalo,Buffalo Bills,BUF,AFC,East,2,AFC East,6,7,,,,,
2007,4,Bills,Buffalo,Buffalo Bills,BUF,AFC,East,2,AFC East,6,8,,,,,
2008,4,Bills,Buffalo,Buffalo Bills,BUF,AFC,East,2,AFC East,6,9,,,,,
2009,4,Bills,Buffalo,Buffalo Bills,BUF,AFC,East,2,AFC East,6,10,,,,,
2010,4,Bills,Buffalo,Buffalo Bills,BUF,AFC,East,2,AFC East,6,11,,,,,
2011,4,Bills,Buffalo,Buffalo Bills,BUF,AFC,East,2,AFC East,6,12,,,,,
2012,4,Bills,Buffalo,Buffalo Bills,BUF,AFC,East,2,AFC East,6,13,,,,,
2013,4,Bills,Buffalo,Buffalo Bills,BUF,AFC,East,2,AFC East,6,14,,,,,
2014,4,Bills,Buffalo,Buffalo Bills,BUF,AFC,East,2,AFC East,6,15,,,,,
2015,4,Bills,Buffalo,Buffalo Bills,BUF,AFC,East,2,AFC East,6,16,,,,,
2016,4,Bills,Buffalo,Buffalo Bills,BUF,AFC,East,2,AFC East,6,17,,,,,
2017,4,Bills,Buffalo,Buffalo Bills,BUF,AFC,East,2,AFC East,6,18,,,,,
2018,4,Bills,Buffalo,Buffalo Bills,BUF,AFC,East,2,AFC East,6,19,,,,,
2019,4,Bills,Buffalo,Buffalo Bills,BUF,AFC,East,2,AFC East,6,20,,,,,
2020,4,Bills,Buffalo,Buffalo Bills,BUF,AFC,East,2,AFC East,6,21,,,,,
2021,4,Bills,Buffalo,Buffalo Bills,BUF,AFC,East,2,AFC East,6,22,,,,,
2022,4,Bills,Buffalo,Buffalo Bills,BUF,AFC,East,2,AFC East,6,23,,,,,
2023,4,Bills,Buffalo,Buffalo Bills,BUF,AFC,East,2,AFC East,6,24,,,,,
2024,4,Bills,Buffalo,Buffalo Bills,BUF,AFC,East,2,AFC East,6,25,,,,,
2025,4,Bills,Buffalo,Buffalo Bills,BUF,AFC,East,2,AFC East,6,26,,,,,
2000,5,Panthers,Carolina,Carolina Panthers,CAR,NFC,West,1,NFC West,2,1,,,,,
2001,5,Panthers,Carolina,Carolina Panthers,CAR,NFC,West,1,NFC West,2,2,,,,,
2002,5,Panthers,Carolina,Carolina Panthers,CAR,NFC,South,1,NFC South,3,3,,,,,
2003,5,Panthers,Carolina,Carolina Panthers,CAR,NFC,South,1,NFC South,3,4,,,,,
2004,5,Panthers,Carolina,Carolina Panthers,CAR,NFC,South,1,NFC South,3,5,,,,,
2005,5,Panthers,Carolina,Carolina Panthers,CAR,NFC,South,1,NFC South,3,6,,,,,
2006,5,Panthers,Carolina,Carolina Panthers,CAR,NFC,South,1,NFC South,3,7,,,,,
2007,5,Panthers,Carolina,Carolina Panthers,CAR,NFC,South,1,NFC South,3,8,,,,,
2008,5,Panthers,Carolina,Carolina Panthers,CAR,NFC,South,1,NFC South,3,9,,,,,
2009,5,Panthers,Carolina,Carolina Panthers,CAR,NFC,South,1,NFC South,3,10,,,,,
2010,5,Panthers,Carolina,Carolina Panthers,CAR,NFC,South,1,NFC South,3,11,,,,,
2011,5,Panthers,Carolina,Carolina Panthers,CAR,NFC,South,1,NFC South,3,12,,,,,
2012,5,Panthers,Carolina,Carolina Panthers,CAR,NFC,South,1,NFC South,3,13,,,,,
2013,5,Panthers,Carolina,Carolina Panthers,CAR,NFC,South,1,NFC South,3,14,,,,,
2014,5,Panthers,Carolina,Carolina Panthers,CAR,NFC,South,1,NFC South,3,15,,,,,
2015,5,Panthers,Carolina,Carolina Panthers,CAR,NFC,South,1,NFC South,3,16,,,,,
2016,5,Panthers,Carolina,Carolina Panthers,CAR,NFC,South,1,NFC South,3,17,,,,,
2017,5,Panthers,Carolina,Carolina Panthers,CAR,NFC,South,1,NFC South,3,18,,,,,
2018,5,Panthers,Carolina,Carolina Panthers,CAR,NFC,South,1,NFC South,3,19,,,,,
2019,5,Panthers,Carolina,Carolina Panthers,CAR,NFC,South,1,NFC South,3,20,,,,,
2020,5,Panthers,Carolina,Carolina Panthers,CAR,NFC,South,1,NFC South,3,21,,,,,
2021,5,Panthers,Carolina,Carolina Panthers,CAR,NFC,South,1,NFC South,3,22,,,,,
2022,5,Panthers,Carolina,Carolina Panthers,CAR,NFC,South,1,NFC South,3,23,,,,,
2023,5,Panthers,Carolina,Carolina Panthers,CAR,NFC,South,1,NFC South,3,24,,,,,
2024,5,Panthers,Carolina,Carolina Panthers,CAR,NFC,South,1,NFC South,3,25,,,,,
2025,5,Panthers,Carolina,Carolina Panthers,CAR,NFC,South,1,NFC South,3,26,,,,,
2000,6,Bears,Chicago,Chicago Bears,CHI,NFC,Central,1,NFC Central,7,1,,,,,
2001,6,Bears,Chicago,Chicago Bears,CHI,NFC,Central,1,NFC Central,7,2,,,,,
2002,6,Bears,Chicago,Chicago Bears,CHI,NFC,North,1,NFC North,8,3,,,,,
2003,6,Bears,Chicago,Chicago Bears,CHI,NFC,North,1,NFC North,8,4,,,,,
2004,6,Bears,Chicago,Chicago Bears,CHI,NFC,North,1,NFC North,8,5,,,,,
2005,6,Bears,Chicago,Chicago Bears,CHI,NFC,North,1,NFC North,8,6,,,,,
2006,6,Bears,Chicago,Chicago Bears,CHI,NFC,North,1,NFC North,8,7,,,,,
2007,6,Bears,Chicago,Chicago Bears,CHI,NFC,North,1,NFC North,8,8,,,,,
2008,6,Bears,Chicago,Chicago Bears,CHI,NFC,North,1,NFC North,8,9,,,,,
2009,6,Bears,Chicago,Chicago Bears,CHI,NFC,North,1,NFC North,8,10,,,,,
2010,6,Bears,Chicago,Chicago Bears,CHI,NFC,North,1,NFC North,8,11,,,,,
2011,6,Bears,Chicago,Chicago Bears,CHI,NFC,North,1,NFC North,8,12,,,,,
2012,6,Bears,Chicago,Chicago Bears,CHI,NFC,North,1,NFC North,8,13,,,,,
2013,6,Bears,Chicago,Chicago Bears,CHI,NFC,North,1,NFC North,8,14,,,,,
2014,6,Bears,Chicago,Chicago Bears,CHI,NFC,North,1,NFC North,8,15,,,,,
2015,6,Bears,Chicago,Chicago Bears,CHI,NFC,North,1,NFC North,8,16,,,,,
2016,6,Bears,Chicago,Chicago Bears,CHI,NFC,North,1,NFC North,8,17,,,,,
2017,6,Bears,Chicago,Chicago Bears,CHI,NFC,North,1,NFC North,8,18,,,,,
2018,6,Bears,Chicago,Chicago Bears,CHI,NFC,North,1,NFC North,8,19,,,,,
2019,6,Bears,Chicago,Chicago Bears,CHI,NFC,North,1,NFC North,8,20,,,,,
2020,6,Bears,Chicago,Chicago Bears,CHI,NFC,North,1,NFC North,8,21,,,,,
2021,6,Bears,Chicago,Chicago Bears,CHI,NFC,North,1,NFC North,8,22,,,,,
2022,6,Bears,Chicago,Chicago Bears,CHI,NFC,North,1,NFC North,8,23,,,,,
2023,6,Bears,Chicago,Chicago Bears,CHI,NFC,North,1,NFC North,8,24,,,,,
2024,6,Bears,Chicago,Chicago Bears,CHI,NFC,North,1,NFC North,8,25,,,,,
2025,6,Bears,Chicago,Chicago Bears,CHI,NFC,North,1,NFC North,8,26,,,,,
2000,7,Bengals,Cincinnati,Cincinnati Bengals,CIN,AFC,Central,2,AFC Central,4,1,,,,,
2001,7,Bengals,Cincinnati,Cincinnati Bengals,CIN,AFC,Central,2,AFC Central,4,2,,,,,
2002,7,Bengals,Cincinnati,Cincinnati Bengals,CIN,AFC,North,2,AFC North,5,3,,,,,
2003,7,Bengals,Cincinnati,Cincinnati Bengals,CIN,AFC,North,2,AFC North,5,4,,,,,
2004,7,Bengals,Cincinnati,Cincinnati Bengals,CIN,AFC,North,2,AFC North,5,5,,,,,
2005,7,Bengals,Cincinnati,Cincinnati Bengals,CIN,AFC,North,2,AFC North,5,6,,,,,
2006,7,Bengals,Cincinnati,Cincinnati Bengals,CIN,AFC,North,2,AFC North,5,7,,,,,
2007,7,Bengals,Cincinnati,Cincinnati Bengals,CIN,AFC,North,2,AFC North,5,8,,,,,
2008,7,Bengals,Cincinnati,Cincinnati Bengals,CIN,AFC,North,2,AFC North,5,9,,,,,
2009,7,Bengals,Cincinnati,Cincinnati Bengals,CIN,AFC,North,2,AFC North,5,10,,,,,
2010,7,Bengals,Cincinnati,Cincinnati Bengals,CIN,AFC,North,2,AFC North,5,11,,,,,
2011,7,Bengals,Cincinnati,Cincinnati Bengals,CIN,AFC,North,2,AFC North,5,12,,,,,
2012,7,Bengals,Cincinnati,Cincinnati Bengals,CIN,AFC,North,2,AFC North,5,13,,,,,
2013,7,Bengals,Cincinnati,Cincinnati Bengals,CIN,AFC,North,2,AFC North,5,14,,,,,
2014,7,Bengals,Cincinnati,Cincinnati Bengals,CIN,AFC,North,2,AFC North,5,15,,,,,
2015,7,Bengals,Cincinnati,Cincinnati Bengals,CIN,AFC,North,2,AFC North,5,16,,,,,
2016,7,Bengals,Cincinnati,Cincinnati Bengals,CIN,AFC,North,2,AFC North,5,17,,,,,
2017,7,Bengals,Cincinnati,Cincinnati Bengals,CIN,AFC,North,2,AFC North,5,18,,,,,
2018,7,Bengals,Cincinnati,Cincinnati Bengals,CIN,AFC,North,2,AFC North,5,19,,,,,
2019,7,Bengals,Cincinnati,Cincinnati Bengals,CIN,AFC,North,2,AFC North,5,20,,,,,
2020,7,Bengals,Cincinnati,Cincinnati Bengals,CIN,AFC,North,2,AFC North,5,21,,,,,
2021,7,Bengals,Cincinnati,Cincinnati Bengals,CIN,AFC,North,2,AFC North,5,22,,,,,
2022,7,Bengals,Cincinnati,Cincinnati Bengals,CIN,AFC,North,2,AFC North,5,23,,,,,
2023,7,Bengals,Cincinnati,Cincinnati Bengals,CIN,AFC,North,2,AFC North,5,24,,,,,
2024,7,Bengals,Cincinnati,Cincinnati Bengals,CIN,AFC,North,2,AFC North,5,25,,,,,
2025,7,Bengals,Cincinnati,Cincinnati Bengals,CIN,AFC,North,2,AFC North,5,26,,,,,
2000,8,Browns,Cleveland,Cleveland Browns,CLE,AFC,Central,2,AFC Central,4,1,,,,,
2001,8,Browns,Cleveland,Cleveland Browns,CLE,AFC,Central,2,AFC Central,4,2,,,,,
2002,8,Browns,Cleveland,Cleveland Browns,CLE,AFC,North,2,AFC North,5,3,,,,,
2003,8,Browns,Cleveland,Cleveland Browns,CLE,AFC,North,2,AFC North,5,4,,,,,
2004,8,Browns,Cleveland,Cleveland Browns,CLE,AFC,North,2,AFC North,5,5,,,,,
2005,8,Browns,Cleveland,Cleveland Browns,CLE,AFC,North,2,AFC North,5,6,,,,,
2006,8,Browns,Cleveland,Cleveland Browns,CLE,AFC,North,2,AFC North,5,7,,,,,
2007,8,Browns,Cleveland,Cleveland Browns,CLE,AFC,North,2,AFC North,5,8,,,,,
2008,8,Browns,Cleveland,Cleveland Browns,CLE,AFC,North,2,AFC North,5,9,,,,,
2009,8,Browns,Cleveland,Cleveland Browns,CLE,AFC,North,2,AFC North,5,10,,,,,
2010,8,Browns,Cleveland,Cleveland Browns,CLE,AFC,North,2,AFC North,5,11,,,,,
2011,8,Browns,Cleveland,Cleveland Browns,CLE,AFC,North,2,AFC North,5,12,,,,,
2012,8,Browns,Cleveland,Cleveland Browns,CLE,AFC,North,2,AFC North,5,13,,,,,
2013,8,Browns,Cleveland,Cleveland Browns,CLE,AFC,North,2,AFC North,5,14,,,,,
2014,8,Browns,Cleveland,Cleveland Browns,CLE,AFC,North,2,AFC North,5,15,,,,,
2015,8,Browns,Cleveland,Cleveland Browns,CLE,AFC,North,2,AFC North,5,16,,,,,
2016,8,Browns,Cleveland,Cleveland Browns,CLE,AFC,North,2,AFC North,5,17,,,,,
2017,8,Browns,Cleveland,Cleveland Browns,CLE,AFC,North,2,AFC North,5,18,,,,,
2018,8,Browns,Cleveland,Cleveland Browns,CLE,AFC,North,2,AFC North,5,19,,,,,
2019,8,Browns,Cleveland,Cleveland Browns,CLE,AFC,North,2,AFC North,5,20,,,,,
2020,8,Browns,Cleveland,Cleveland Browns,CLE,AFC,North,2,AFC North,5,21,,,,,
2021,8,Browns,Cleveland,Cleveland Browns,CLE,AFC,North,2,AFC North,5,22,,,,,
2022,8,Browns,Cleveland,Cleveland Browns,CLE,AFC,North,2,AFC North,5,23,,,,,
2023,8,Browns,Cleveland,Cleveland Browns,CLE,AFC,North,2,AFC North,5,24,,,,,
2024,8,Browns,Cleveland,Cleveland Browns,CLE,AFC,North,2,AFC North,5,25,,,,,
2025,8,Browns,Cleveland,Cleveland Browns,CLE,AFC,North,2,AFC North,5,26,,,,,
2000,9,Cowboys,Dallas,Dallas Cowboys,DAL,NFC,East,1,NFC East,1,1,,,,,
2001,9,Cowboys,Dallas,Dallas Cowboys,DAL,NFC,East,1,NFC East,1,2,,,,,
2002,9,Cowboys,Dallas,Dallas Cowboys,DAL,NFC,East,1,NFC East,1,3,,,,,
2003,9,Cowboys,Dallas,Dallas Cowboys,DAL,NFC,East,1,NFC East,1,4,,,,,
2004,9,Cowboys,Dallas,Dallas Cowboys,DAL,NFC,East,1,NFC East,1,5,,,,,
2005,9,Cowboys,Dallas,Dallas Cowboys,DAL,NFC,East,1,NFC East,1,6,,,,,
2006,9,Cowboys,Dallas,Dallas Cowboys,DAL,NFC,East,1,NFC East,1,7,,,,,
2007,9,Cowboys,Dallas,Dallas Cowboys,DAL,NFC,East,1,NFC East,1,8,,,,,
2008,9,Cowboys,Dallas,Dallas Cowboys,DAL,NFC,East,1,NFC East,1,9,,,,,
2009,9,Cowboys,Dallas,Dallas Cowboys,DAL,NFC,East,1,NFC East,1,10,,,,,
2010,9,Cowboys,Dallas,Dallas Cowboys,DAL,NFC,East,1,NFC East,1,11,,,,,
2011,9,Cowboys,Dallas,Dallas Cowboys,DAL,NFC,East,1,NFC East,1,12,,,,,
2012,9,Cowboys,Dallas,Dallas Cowboys,DAL,NFC,East,1,NFC East,1,13,,,,,
2013,9,Cowboys,Dallas,Dallas Cowboys,DAL,NFC,East,1,NFC East,1,14,,,,,
2014,9,Cowboys,Dallas,Dallas Cowboys,DAL,NFC,East,1,NFC East,1,15,,,,,
2015,9,Cowboys,Dallas,Dallas Cowboys,DAL,NFC,East,1,NFC East,1,16,,,,,
2016,9,Cowboys,Dallas,Dallas Cowboys,DAL,NFC,East,1,NFC East,1,17,,,,,
2017,9,Cowboys,Dallas,Dallas Cowboys,DAL,NFC,East,1,NFC East,1,18,,,,,
2018,9,Cowboys,Dallas,Dallas Cowboys,DAL,NFC,East,1,NFC East,1,19,,,,,
2019,9,Cowboys,Dallas,Dallas Cowboys,DAL,NFC,East,1,NFC East,1,20,,,,,
2020,9,Cowboys,Dallas,Dallas Cowboys,DAL,NFC,East,1,NFC East,1,21,,,,,
2021,9,Cowboys,Dallas,Dallas Cowboys,DAL,NFC,East,1,NFC East,1,22,,,,,
2022,9,Cowboys,Dallas,Dallas Cowboys,DAL,NFC,East,1,NFC East,1,23,,,,,
2023,9,Cowboys,Dallas,Dallas Cowboys,DAL,NFC,East,1,NFC East,1,24,,,,,
2024,9,Cowboys,Dallas,Dallas Cowboys,DAL,NFC,East,1,NFC East,1,25,,,,,
2025,9,Cowboys,Dallas,Dallas Cowboys,DAL,NFC,East,1,NFC East,1,26,,,,,
2000,10,Broncos,Denver,Denver Broncos,DEN,AFC,West,2,AFC West,9,1,,,,,
2001,10,Broncos,Denver,Denver Broncos,DEN,AFC,West,2,AFC West,9,2,,,,,
2002,10,Broncos,Denver,Denver Broncos,DEN,AFC,West,2,AFC West,9,3,,,,,
2003,10,Broncos,Denver,Denver Broncos,DEN,AFC,West,2,AFC West,9,4,,,,,
2004,10,Broncos,Denver,Denver Broncos,DEN,AFC,West,2,AFC West,9,5,,,,,
2005,10,Broncos,Denver,Denver Broncos,DEN,AFC,West,2,AFC West,9,6,,,,,
2006,10,Broncos,Denver,Denver Broncos,DEN,AFC,West,2,AFC West,9,7,,,,,
2007,10,Broncos,Denver,Denver Broncos,DEN,AFC,West,2,AFC West,9,8,,,,,
2008,10,Broncos,Denver,Denver Broncos,DEN,AFC,West,2,AFC West,9,9,,,,,
2009,10,Broncos,Denver,Denver Broncos,DEN,AFC,West,2,AFC West,9,10,,,,,
2010,10,Broncos,Denver,Denver Broncos,DEN,AFC,West,2,AFC West,9,11,,,,,
2011,10,Broncos,Denver,Denver Broncos,DEN,AFC,West,2,AFC West,9,12,,,,,
2012,10,Broncos,Denver,Denver Broncos,DEN,AFC,West,2,AFC West,9,13,,,,,
2013,10,Broncos,Denver,Denver Broncos,DEN,AFC,West,2,AFC West,9,14,,,,,
2014,10,Broncos,Denver,Denver Broncos,DEN,AFC,West,2,AFC West,9,15,,,,,
2015,10,Broncos,Denver,Denver Broncos,DEN,AFC,West,2,AFC West,9,16,,,,,
2016,10,Broncos,Denver,Denver Broncos,DEN,AFC,West,2,AFC West,9,17,,,,,
2017,10,Broncos,Denver,Denver Broncos,DEN,AFC,West,2,AFC West,9,18,,,,,
2018,10,Broncos,Denver,Denver Broncos,DEN,AFC,West,2,AFC West,9,19,,,,,
2019,10,Broncos,Denver,Denver Broncos,DEN,AFC,West,2,AFC West,9,20,,,,,
2020,10,Broncos,Denver,Denver Broncos,DEN,AFC,West,2,AFC West,9,21,,,,,
2021,10,Broncos,Denver,Denver Broncos,DEN,AFC,West,2,AFC West,9,22,,,,,
2022,10,Broncos,Denver,Denver Broncos,DEN,AFC,West,2,AFC West,9,23,,,,,
2023,10,Broncos,Denver,Denver Broncos,DEN,AFC,West,2,AFC West,9,24,,,,,
2024,10,Broncos,Denver,Denver Broncos,DEN,AFC,West,2,AFC West,9,25,,,,,
2025,10,Broncos,Denver,Denver Broncos,DEN,AFC,West,2,AFC West,9,26,,,,,
2000,11,Lions,Detroit,Detroit Lions,DET,NFC,Central,1,NFC Central,7,1,,,,,
2001,11,Lions,Detroit,Detroit Lions,DET,NFC,Central,1,NFC Central,7,2,,,,,
2002,11,Lions,Detroit,Detroit Lions,DET,NFC,North,1,NFC North,8,3,,,,,
2003,11,Lions,Detroit,Detroit Lions,DET,NFC,North,1,NFC North,8,4,,,,,
2004,11,Lions,Detroit,Detroit Lions,DET,NFC,North,1,NFC North,8,5,,,,,
2005,11,Lions,Detroit,Detroit Lions,DET,NFC,North,1,NFC North,8,6,,,,,
2006,11,Lions,Detroit,Detroit Lions,DET,NFC,North,1,NFC North,8,7,,,,,
2007,11,Lions,Detroit,Detroit Lions,DET,NFC,North,1,NFC North,8,8,,,,,
2008,11,Lions,Detroit,Detroit Lions,DET,NFC,North,1,NFC North,8,9,,,,,
2009,11,Lions,Detroit,Detroit Lions,DET,NFC,North,1,NFC North,8,10,,,,,
2010,11,Lions,Detroit,Detroit Lions,DET,NFC,North,1,NFC North,8,11,,,,,
2011,11,Lions,Detroit,Detroit Lions,DET,NFC,North,1,NFC North,8,12,,,,,
2012,11,Lions,Detroit,Detroit Lions,DET,NFC,North,1,NFC North,8,13,,,,,
2013,11,Lions,Detroit,Detroit Lions,DET,NFC,North,1,NFC North,8,14,,,,,
2014,11,Lions,Detroit,Detroit Lions,DET,NFC,North,1,NFC North,8,15,,,,,
2015,11,Lions,Detroit,Detroit Lions,DET,NFC,North,1,NFC North,8,16,,,,,
2016,11,Lions,Detroit,Detroit Lions,DET,NFC,North,1,NFC North,8,17,,,,,
2017,11,Lions,Detroit,Detroit Lions,DET,NFC,North,1,NFC North,8,18,,,,,
2018,11,Lions,Detroit,Detroit Lions,DET,NFC,North,1,NFC North,8,19,,,,,
2019,11,Lions,Detroit,Detroit Lions,DET,NFC,North,1,NFC North,8,20,,,,,
2020,11,Lions,Detroit,Detroit Lions,DET,NFC,North,1,NFC North,8,21,,,,,
2021,11,Lions,Detroit,Detroit Lions,DET,NFC,North,1,NFC North,8,22,,,,,
2022,11,Lions,Detroit,Detroit Lions,DET,NFC,North,1,NFC North,8,23,,,,,
2023,11,Lions,Detroit,Detroit Lions,DET,NFC,North,1,NFC North,8,24,,,,,
2024,11,Lions,Detroit,Detroit Lions,DET,NFC,North,1,NFC North,8,25,,,,,
2025,11,Lions,Detroit,Detroit Lions,DET,NFC,North,1,NFC North,8,26,,,,,
2000,12,Packers,Green Bay,Green Bay Packers,GB,NFC,Central,1,NFC Central,7,1,,,,,
2001,12,Packers,Green Bay,Green Bay Packers,GB,NFC,Central,1,NFC Central,7,2,,,,,
2002,12,Packers,Green Bay,Green Bay Packers,GB,NFC,North,1,NFC North,8,3,,,,,
2003,12,Packers,Green Bay,Green Bay Packers,GB,NFC,North,1,NFC North,8,4,,,,,
2004,12,Packers,Green Bay,Green Bay Packers,GB,NFC,North,1,NFC North,8,5,,,,,
2005,12,Packers,Green Bay,Green Bay Packers,GB,NFC,North,1,NFC North,8,6,,,,,
2006,12,Packers,Green Bay,Green Bay Packers,GB,NFC,North,1,NFC North,8,7,,,,,
2007,12,Packers,Green Bay,Green Bay Packers,GB,NFC,North,1,NFC North,8,8,,,,,
2008,12,Packers,Green Bay,Green Bay Packers,GB,NFC,North,1,NFC North,8,9,,,,,
2009,12,Packers,Green Bay,Green Bay Packers,GB,NFC,North,1,NFC North,8,10,,,,,
2010,12,Packers,Green Bay,Green Bay Packers,GB,NFC,North,1,NFC North,8,11,,,,,
2011,12,Packers,Green Bay,Green Bay Packers,GB,NFC,North,1,NFC North,8,12,,,,,
2012,12,Packers,Green Bay,Green Bay Packers,GB,NFC,North,1,NFC North,8,13,,,,,
2013,12,Packers,Green Bay,Green Bay Packers,GB,NFC,North,1,NFC North,8,14,,,,,
2014,12,Packers,Green Bay,Green Bay Packers,GB,NFC,North,1,NFC North,8,15,,,,,
2015,12,Packers,Green Bay,Green Bay Packers,GB,NFC,North,1,NFC North,8,16,,,,,
2016,12,Packers,Green Bay,Green Bay Packers,GB,NFC,North,1,NFC North,8,17,,,,,
2017,12,Packers,Green Bay,Green Bay Packers,GB,NFC,North,1,NFC North,8,18,,,,,
2018,12,Packers,Green Bay,Green Bay Packers,GB,NFC,North,1,NFC North,8,19,,,,,
2019,12,Packers,Green Bay,Green Bay Packers,GB,NFC,North,1,NFC North,8,20,,,,,
2020,12,Packers,Green Bay,Green Bay Packers,GB,NFC,North,1,NFC North,8,21,,,,,
2021,12,Packers,Green Bay,Green Bay Packers,GB,NFC,North,1,NFC North,8,22,,,,,
2022,12,Packers,Green Bay,Green Bay Packers,GB,NFC,North,1,NFC North,8,23,,,,,
2023,12,Packers,Green Bay,Green Bay Packers,GB,NFC,North,1,NFC North,8,24,,,,,
2024,12,Packers,Green Bay,Green Bay Packers,GB,NFC,North,1,NFC North,8,25,,,,,
2025,12,Packers,Green Bay,Green Bay Packers,GB,NFC,North,1,NFC North,8,26,,,,,
2002,13,Texans,Houston,Houston Texans,HOU,AFC,South,2,AFC South,10,3,,,,,
2003,13,Texans,Houston,Houston Texans,HOU,AFC,South,2,AFC South,10,4,,,,,
2004,13,Texans,Houston,Houston Texans,HOU,AFC,South,2,AFC South,10,5,,,,,
2005,13,Texans,Houston,Houston Texans,HOU,AFC,South,2,AFC South,10,6,,,,,
2006,13,Texans,Houston,Houston Texans,HOU,AFC,South,2,AFC South,10,7,,,,,
2007,13,Texans,Houston,Houston Texans,HOU,AFC,South,2,AFC South,10,8,,,,,
2008,13,Texans,Houston,Houston Texans,HOU,AFC,South,2,AFC South,10,9,,,,,
2009,13,Texans,Houston,Houston Texans,HOU,AFC,South,2,AFC South,10,10,,,,,
2010,13,Texans,Houston,Houston Texans,HOU,AFC,South,2,AFC South,10,11,,,,,
2011,13,Texans,Houston,Houston Texans,HOU,AFC,South,2,AFC South,10,12,,,,,
2012,13,Texans,Houston,Houston Texans,HOU,AFC,South,2,AFC South,10,13,,,,,
2013,13,Texans,Houston,Houston Texans,HOU,AFC,South,2,AFC South,10,14,,,,,
2014,13,Texans,Houston,Houston Texans,HOU,AFC,South,2,AFC South,10,15,,,,,
2015,13,Texans,Houston,Houston Texans,HOU,AFC,South,2,AFC South,10,16,,,,,
2016,13,Texans,Houston,Houston Texans,HOU,AFC,South,2,AFC South,10,17,,,,,
2017,13,Texans,Houston,Houston Texans,HOU,AFC,South,2,AFC South,10,18,,,,,
2018,13,Texans,Houston,Houston Texans,HOU,AFC,South,2,AFC South,10,19,,,,,
2019,13,Texans,Houston,Houston Texans,HOU,AFC,South,2,AFC South,10,20,,,,,
2020,13,Texans,Houston,Houston Texans,HOU,AFC,South,2,AFC South,10,21,,,,,
2021,13,Texans,Houston,Houston Texans,HOU,AFC,South,2,AFC South,10,22,,,,,
2022,13,Texans,Houston,Houston Texans,HOU,AFC,South,2,AFC South,10,23,,,,,
2023,13,Texans,Houston,Houston Texans,HOU,AFC,South,2,AFC South,10,24,,,,,
2024,13,Texans,Houston,Houston Texans,HOU,AFC,South,2,AFC South,10,25,,,,,
2025,13,Texans,Houston,Houston Texans,HOU,AFC,South,2,AFC South,10,26,,,,,
2000,14,Colts,Indianapolis,Indianapolis Colts,IND,AFC,East,2,AFC East,6,1,,,,,
2001,14,Colts,Indianapolis,Indianapolis Colts,IND,AFC,East,2,AFC East,6,2,,,,,
2002,14,Colts,Indianapolis,Indianapolis Colts,IND,AFC,South,2,AFC South,10,3,,,,,
2003,14,Colts,Indianapolis,Indianapolis Colts,IND,AFC,South,2,AFC South,10,4,,,,,
2004,14,Colts,Indianapolis,Indianapolis Colts,IND,AFC,South,2,AFC South,10,5,,,,,
2005,14,Colts,Indianapolis,Indianapolis Colts,IND,AFC,South,2,AFC South,10,6,,,,,
2006,14,Colts,Indianapolis,Indianapolis Colts,IND,AFC,South,2,AFC South,10,7,,,,,
2007,14,Colts,Indianapolis,Indianapolis Colts,IND,AFC,South,2,AFC South,10,8,,,,,
2008,14,Colts,Indianapolis,Indianapolis Colts,IND,AFC,South,2,AFC South,10,9,,,,,
2009,14,Colts,Indianapolis,Indianapolis Colts,IND,AFC,South,2,AFC South,10,10,,,,,
2010,14,Colts,Indianapolis,Indianapolis Colts,IND,AFC,South,2,AFC South,10,11,,,,,
2011,14,Colts,Indianapolis,Indianapolis Colts,IND,AFC,South,2,AFC South,10,12,,,,,
2012,14,Colts,Indianapolis,Indianapolis Colts,IND,AFC,South,2,AFC South,10,13,,,,,
2013,14,Colts,Indianapolis,Indianapolis Colts,IND,AFC,South,2,AFC South,10,14,,,,,
2014,14,Colts,Indianapolis,Indianapolis Colts,IND,AFC,South,2,AFC South,10,15,,,,,
2015,14,Colts,Indianapolis,Indianapolis Colts,IND,AFC,South,2,AFC South,10,16,,,,,
2016,14,Colts,Indianapolis,Indianapolis Colts,IND,AFC,South,2,AFC South,10,17,,,,,
2017,14,Colts,Indianapolis,Indianapolis Colts,IND,AFC,South,2,AFC South,10,18,,,,,
2018,14,Colts,Indianapolis,Indianapolis Colts,IND,AFC,South,2,AFC South,10,19,,,,,
2019,14,Colts,Indianapolis,Indianapolis Colts,IND,AFC,South,2,AFC South,10,20,,,,,
2020,14,Colts,Indianapolis,Indianapolis Colts,IND,AFC,South,2,AFC South,10,21,,,,,
2021,14,Colts,Indianapolis,Indianapolis Colts,IND,AFC,South,2,AFC South,10,22,,,,,
2022,14,Colts,Indianapolis,Indianapolis Colts,IND,AFC,South,2,AFC South,10,23,,,,,
2023,14,Colts,Indianapolis,Indianapolis Colts,IND,AFC,South,2,AFC South,10,24,,,,,
2024,14,Colts,Indianapolis,Indianapolis Colts,IND,AFC,South,2,AFC South,10,25,,,,,
2025,14,Colts,Indianapolis,Indianapolis Colts,IND,AFC,South,2,AFC South,10,26,,,,,
2000,15,Jaguars,Jakcksonville,Jakcksonville Jaguars,JAX,AFC,Central,2,AFC Central,4,1,,,,,
2001,15,Jaguars,Jakcksonville,Jakcksonville Jaguars,JAX,AFC,Central,2,AFC Central,4,2,,,,,
2002,15,Jaguars,Jakcksonville,Jakcksonville Jaguars,JAX,AFC,South,2,AFC South,10,3,,,,,
2003,15,Jaguars,Jakcksonville,Jakcksonville Jaguars,JAX,AFC,South,2,AFC South,10,4,,,,,
2004,15,Jaguars,Jakcksonville,Jakcksonville Jaguars,JAX,AFC,South,2,AFC South,10,5,,,,,
2005,15,Jaguars,Jakcksonville,Jakcksonville Jaguars,JAX,AFC,South,2,AFC South,10,6,,,,,
2006,15,Jaguars,Jakcksonville,Jakcksonville Jaguars,JAX,AFC,South,2,AFC South,10,7,,,,,
2007,15,Jaguars,Jakcksonville,Jakcksonville Jaguars,JAX,AFC,South,2,AFC South,10,8,,,,,
2008,15,Jaguars,Jakcksonville,Jakcksonville Jaguars,JAX,AFC,South,2,AFC South,10,9,,,,,
2009,15,Jaguars,Jakcksonville,Jakcksonville Jaguars,JAX,AFC,South,2,AFC South,10,10,,,,,
2010,15,Jaguars,Jakcksonville,Jakcksonville Jaguars,JAX,AFC,South,2,AFC South,10,11,,,,,
2011,15,Jaguars,Jakcksonville,Jakcksonville Jaguars,JAX,AFC,South,2,AFC South,10,12,,,,,
2012,15,Jaguars,Jakcksonville,Jakcksonville Jaguars,JAX,AFC,South,2,AFC South,10,13,,,,,
2013,15,Jaguars,Jakcksonville,Jakcksonville Jaguars,JAX,AFC,South,2,AFC South,10,14,,,,,
2014,15,Jaguars,Jakcksonville,Jakcksonville Jaguars,JAX,AFC,South,2,AFC South,10,15,,,,,
2015,15,Jaguars,Jakcksonville,Jakcksonville Jaguars,JAX,AFC,South,2,AFC South,10,16,,,,,
2016,15,Jaguars,Jakcksonville,Jakcksonville Jaguars,JAX,AFC,South,2,AFC South,10,17,,,,,
2017,15,Jaguars,Jakcksonville,Jakcksonville Jaguars,JAX,AFC,South,2,AFC South,10,18,,,,,
2018,15,Jaguars,Jakcksonville,Jakcksonville Jaguars,JAX,AFC,South,2,AFC South,10,19,,,,,
2019,15,Jaguars,Jakcksonville,Jakcksonville Jaguars,JAX,AFC,South,2,AFC South,10,20,,,,,
2020,15,Jaguars,Jakcksonville,Jakcksonville Jaguars,JAX,AFC,South,2,AFC South,10,21,,,,,
2021,15,Jaguars,Jakcksonville,Jakcksonville Jaguars,JAX,AFC,South,2,AFC South,10,22,,,,,
2022,15,Jaguars,Jakcksonville,Jakcksonville Jaguars,JAX,AFC,South,2,AFC South,10,23,,,,,
2023,15,Jaguars,Jakcksonville,Jakcksonville Jaguars,JAX,AFC,South,2,AFC South,10,24,,,,,
2024,15,Jaguars,Jakcksonville,Jakcksonville Jaguars,JAX,AFC,South,2,AFC South,10,25,,,,,
2025,15,Jaguars,Jakcksonville,Jakcksonville Jaguars,JAX,AFC,South,2,AFC South,10,26,,,,,
2000,16,Chiefs,Kansas City,Kansas City Chiefs,KC,AFC,West,2,AFC West,9,1,,,,,
2001,16,Chiefs,Kansas City,Kansas City Chiefs,KC,AFC,West,2,AFC West,9,2,,,,,
2002,16,Chiefs,Kansas City,Kansas City Chiefs,KC,AFC,West,2,AFC West,9,3,,,,,
2003,16,Chiefs,Kansas City,Kansas City Chiefs,KC,AFC,West,2,AFC West,9,4,,,,,
2004,16,Chiefs,Kansas City,Kansas City Chiefs,KC,AFC,West,2,AFC West,9,5,,,,,
2005,16,Chiefs,Kansas City,Kansas City Chiefs,KC,AFC,West,2,AFC West,9,6,,,,,
2006,16,Chiefs,Kansas City,Kansas City Chiefs,KC,AFC,West,2,AFC West,9,7,,,,,
2007,16,Chiefs,Kansas City,Kansas City Chiefs,KC,AFC,West,2,AFC West,9,8,,,,,
2008,16,Chiefs,Kansas City,Kansas City Chiefs,KC,AFC,West,2,AFC West,9,9,,,,,
2009,16,Chiefs,Kansas City,Kansas City Chiefs,KC,AFC,West,2,AFC West,9,10,,,,,
2010,16,Chiefs,Kansas City,Kansas City Chiefs,KC,AFC,West,2,AFC West,9,11,,,,,
2011,16,Chiefs,Kansas City,Kansas City Chiefs,KC,AFC,West,2,AFC West,9,12,,,,,
2012,16,Chiefs,Kansas City,Kansas City Chiefs,KC,AFC,West,2,AFC West,9,13,,,,,
2013,16,Chiefs,Kansas City,Kansas City Chiefs,KC,AFC,West,2,AFC West,9,14,,,,,
2014,16,Chiefs,Kansas City,Kansas City Chiefs,KC,AFC,West,2,AFC West,9,15,,,,,
2015,16,Chiefs,Kansas City,Kansas City Chiefs,KC,AFC,West,2,AFC West,9,16,,,,,
2016,16,Chiefs,Kansas City,Kansas City Chiefs,KC,AFC,West,2,AFC West,9,17,,,,,
2017,16,Chiefs,Kansas City,Kansas City Chiefs,KC,AFC,West,2,AFC West,9,18,,,,,
2018,16,Chiefs,Kansas City,Kansas City Chiefs,KC,AFC,West,2,AFC West,9,19,,,,,
2019,16,Chiefs,Kansas City,Kansas City Chiefs,KC,AFC,West,2,AFC West,9,20,,,,,
2020,16,Chiefs,Kansas City,Kansas City Chiefs,KC,AFC,West,2,AFC West,9,21,,,,,
2021,16,Chiefs,Kansas City,Kansas City Chiefs,KC,AFC,West,2,AFC West,9,22,,,,,
2022,16,Chiefs,Kansas City,Kansas City Chiefs,KC,AFC,West,2,AFC West,9,23,,,,,
2023,16,Chiefs,Kansas City,Kansas City Chiefs,KC,AFC,West,2,AFC West,9,24,,,,,
2024,16,Chiefs,Kansas City,Kansas City Chiefs,KC,AFC,West,2,AFC West,9,25,,,,,
2025,16,Chiefs,Kansas City,Kansas City Chiefs,KC,AFC,West,2,AFC West,9,26,,,,,
2000,17,Raiders,Oakland,Oakland Raiders,OAK,AFC,West,2,AFC West,9,1,,,,,
2001,17,Raiders,Oakland,Oakland Raiders,OAK,AFC,West,2,AFC West,9,2,,,,,
2002,17,Raiders,Oakland,Oakland Raiders,OAK,AFC,West,2,AFC West,9,3,,,,,
2003,17,Raiders,Oakland,Oakland Raiders,OAK,AFC,West,2,AFC West,9,4,,,,,
2004,17,Raiders,Oakland,Oakland Raiders,OAK,AFC,West,2,AFC West,9,5,,,,,
2005,17,Raiders,Oakland,Oakland Raiders,OAK,AFC,West,2,AFC West,9,6,,,,,
2006,17,Raiders,Oakland,Oakland Raiders,OAK,AFC,West,2,AFC West,9,7,,,,,
2007,17,Raiders,Oakland,Oakland Raiders,OAK,AFC,West,2,AFC West,9,8,,,,,
2008,17,Raiders,Oakland,Oakland Raiders,OAK,AFC,West,2,AFC West,9,9,,,,,
2009,17,Raiders,Oakland,Oakland Raiders,OAK,AFC,West,2,AFC West,9,10,,,,,
2010,17,Raiders,Oakland,Oakland Raiders,OAK,AFC,West,2,AFC West,9,11,,,,,
2011,17,Raiders,Oakland,Oakland Raiders,OAK,AFC,West,2,AFC West,9,12,,,,,
2012,17,Raiders,Oakland,Oakland Raiders,OAK,AFC,West,2,AFC West,9,13,,,,,
2013,17,Raiders,Oakland,Oakland Raiders,OAK,AFC,West,2,AFC West,9,14,,,,,
2014,17,Raiders,Oakland,Oakland Raiders,OAK,AFC,West,2,AFC West,9,15,,,,,
2015,17,Raiders,Oakland,Oakland Raiders,OAK,AFC,West,2,AFC West,9,16,,,,,
2016,17,Raiders,Oakland,Oakland Raiders,OAK,AFC,West,2,AFC West,9,17,,,,,
2017,17,Raiders,Oakland,Oakland Raiders,OAK,AFC,West,2,AFC West,9,18,,,,,
2018,17,Raiders,Oakland,Oakland Raiders,OAK,AFC,West,2,AFC West,9,19,,,,,
2019,17,Raiders,Oakland,Oakland Raiders,OAK,AFC,West,2,AFC West,9,20,,,,,
2020,17,Raiders,Las Vegas,Las Vegas Raiders,LV,AFC,West,2,AFC West,9,21,,,,,
2021,17,Raiders,Las Vegas,Las Vegas Raiders,LV,AFC,West,2,AFC West,9,22,,,,,
2022,17,Raiders,Las Vegas,Las Vegas Raiders,LV,AFC,West,2,AFC West,9,23,,,,,
2023,17,Raiders,Las Vegas,Las Vegas Raiders,LV,AFC,West,2,AFC West,9,24,,,,,
2024,17,Raiders,Las Vegas,Las Vegas Raiders,LV,AFC,West,2,AFC West,9,25,,,,,
2025,17,Raiders,Las Vegas,Las Vegas Raiders,LV,AFC,West,2,AFC West,9,26,,,,,
2000,18,Chargers,San Diego,San Diego Chargers,SD,AFC,West,2,AFC West,9,1,,,,,
2001,18,Chargers,San Diego,San Diego Chargers,SD,AFC,West,2,AFC West,9,2,,,,,
2002,18,Chargers,San Diego,San Diego Chargers,SD,AFC,West,2,AFC West,9,3,,,,,
2003,18,Chargers,San Diego,San Diego Chargers,SD,AFC,West,2,AFC West,9,4,,,,,
2004,18,Chargers,San Diego,San Diego Chargers,SD,AFC,West,2,AFC West,9,5,,,,,
2005,18,Chargers,San Diego,San Diego Chargers,SD,AFC,West,2,AFC West,9,6,,,,,
2006,18,Chargers,San Diego,San Diego Chargers,SD,AFC,West,2,AFC West,9,7,,,,,
2007,18,Chargers,San Diego,San Diego Chargers,SD,AFC,West,2,AFC West,9,8,,,,,
2008,18,Chargers,San Diego,San Diego Chargers,SD,AFC,West,2,AFC West,9,9,,,,,
2009,18,Chargers,San Diego,San Diego Chargers,SD,AFC,West,2,AFC West,9,10,,,,,
2010,18,Chargers,San Diego,San Diego Chargers,SD,AFC,West,2,AFC West,9,11,,,,,
2011,18,Chargers,San Diego,San Diego Chargers,SD,AFC,West,2,AFC West,9,12,,,,,
2012,18,Chargers,San Diego,San Diego Chargers,SD,AFC,West,2,AFC West,9,13,,,,,
2013,18,Chargers,San Diego,San Diego Chargers,SD,AFC,West,2,AFC West,9,14,,,,,
2014,18,Chargers,San Diego,San Diego Chargers,SD,AFC,West,2,AFC West,9,15,,,,,
2015,18,Chargers,San Diego,San Diego Chargers,SD,AFC,West,2,AFC West,9,16,,,,,
2016,18,Chargers,San Diego,San Diego Chargers,SD,AFC,West,2,AFC West,9,17,,,,,
2017,18,Chargers,Los Angeles,Los Angeles Chargers,LAC,AFC,West,2,AFC West,9,18,,,,,
2018,18,Chargers,Los Angeles,Los Angeles Chargers,LAC,AFC,West,2,AFC West,9,19,,,,,
2019,18,Chargers,Los Angeles,Los Angeles Chargers,LAC,AFC,West,2,AFC West,9,20,,,,,
2020,18,Chargers,Los Angeles,Los Angeles Chargers,LAC,AFC,West,2,AFC West,9,21,,,,,
2021,18,Chargers,Los Angeles,Los Angeles Chargers,LAC,AFC,West,2,AFC West,9,22,,,,,
2022,18,Chargers,Los Angeles,Los Angeles Chargers,LAC,AFC,West,2,AFC West,9,23,,,,,
2023,18,Chargers,Los Angeles,Los Angeles Chargers,LAC,AFC,West,2,AFC West,9,24,,,,,
2024,18,Chargers,Los Angeles,Los Angeles Chargers,LAC,AFC,West,2,AFC West,9,25,,,,,
2025,18,Chargers,Los Angeles,Los Angeles Chargers,LAC,AFC,West,2,AFC West,9,26,,,,,
2000,19,Rams,St. Louis,St. Louis Rams,STL,NFC,West,1,NFC West,2,1,,,,,
2001,19,Rams,St. Louis,St. Louis Rams,STL,NFC,West,1,NFC West,2,2,,,,,
2002,19,Rams,St. Louis,St. Louis Rams,STL,NFC,West,1,NFC West,2,3,,,,,
2003,19,Rams,St. Louis,St. Louis Rams,STL,NFC,West,1,NFC West,2,4,,,,,
2004,19,Rams,St. Louis,St. Louis Rams,STL,NFC,West,1,NFC West,2,5,,,,,
2005,19,Rams,St. Louis,St. Louis Rams,STL,NFC,West,1,NFC West,2,6,,,,,
2006,19,Rams,St. Louis,St. Louis Rams,STL,NFC,West,1,NFC West,2,7,,,,,
2007,19,Rams,St. Louis,St. Louis Rams,STL,NFC,West,1,NFC West,2,8,,,,,
2008,19,Rams,St. Louis,St. Louis Rams,STL,NFC,West,1,NFC West,2,9,,,,,
2009,19,Rams,St. Louis,St. Louis Rams,STL,NFC,West,1,NFC West,2,10,,,,,
2010,19,Rams,St. Louis,St. Louis Rams,STL,NFC,West,1,NFC West,2,11,,,,,
2011,19,Rams,St. Louis,St. Louis Rams,STL,NFC,West,1,NFC West,2,12,,,,,
2012,19,Rams,St. Louis,St. Louis Rams,STL,NFC,West,1,NFC West,2,13,,,,,
2013,19,Rams,St. Louis,St. Louis Rams,STL,NFC,West,1,NFC West,2,14,,,,,
2014,19,Rams,St. Louis,St. Louis Rams,STL,NFC,West,1,NFC West,2,15,,,,,
2015,19,Rams,St. Louis,St. Louis Rams,STL,NFC,West,1,NFC West,2,16,,,,,
2016,19,Rams,Los Angeles,Los Angeles Rams,LA,NFC,West,1,NFC West,2,17,,,,,
2017,19,Rams,Los Angeles,Los Angeles Rams,LA,NFC,West,1,NFC West,2,18,,,,,
2018,19,Rams,Los Angeles,Los Angeles Rams,LA,NFC,West,1,NFC West,2,19,,,,,
2019,19,Rams,Los Angeles,Los Angeles Rams,LA,NFC,West,1,NFC West,2,20,,,,,
2020,19,Rams,Los Angeles,Los Angeles Rams,LA,NFC,West,1,NFC West,2,21,,,,,
2021,19,Rams,Los Angeles,Los Angeles Rams,LA,NFC,West,1,NFC West,2,22,,,,,
2022,19,Rams,Los Angeles,Los Angeles Rams,LA,NFC,West,1,NFC West,2,23,,,,,
2023,19,Rams,Los Angeles,Los Angeles Rams,LA,NFC,West,1,NFC West,2,24,,,,,
2024,19,Rams,Los Angeles,Los Angeles Rams,LA,NFC,West,1,NFC West,2,25,,,,,
2025,19,Rams,Los Angeles,Los Angeles Rams,LA,NFC,West,1,NFC West,2,26,,,,,
2000,20,Dolphins,Miami,Miami Dolphins,MIA,AFC,East,2,AFC East,6,1,,,,,
2001,20,Dolphins,Miami,Miami Dolphins,MIA,AFC,East,2,AFC East,6,2,,,,,
2002,20,Dolphins,Miami,Miami Dolphins,MIA,AFC,East,2,AFC East,6,3,,,,,
2003,20,Dolphins,Miami,Miami Dolphins,MIA,AFC,East,2,AFC East,6,4,,,,,
2004,20,Dolphins,Miami,Miami Dolphins,MIA,AFC,East,2,AFC East,6,5,,,,,
2005,20,Dolphins,Miami,Miami Dolphins,MIA,AFC,East,2,AFC East,6,6,,,,,
2006,20,Dolphins,Miami,Miami Dolphins,MIA,AFC,East,2,AFC East,6,7,,,,,
2007,20,Dolphins,Miami,Miami Dolphins,MIA,AFC,East,2,AFC East,6,8,,,,,
2008,20,Dolphins,Miami,Miami Dolphins,MIA,AFC,East,2,AFC East,6,9,,,,,
2009,20,Dolphins,Miami,Miami Dolphins,MIA,AFC,East,2,AFC East,6,10,,,,,
2010,20,Dolphins,Miami,Miami Dolphins,MIA,AFC,East,2,AFC East,6,11,,,,,
2011,20,Dolphins,Miami,Miami Dolphins,MIA,AFC,East,2,AFC East,6,12,,,,,
2012,20,Dolphins,Miami,Miami Dolphins,MIA,AFC,East,2,AFC East,6,13,,,,,
2013,20,Dolphins,Miami,Miami Dolphins,MIA,AFC,East,2,AFC East,6,14,,,,,
2014,20,Dolphins,Miami,Miami Dolphins,MIA,AFC,East,2,AFC East,6,15,,,,,
2015,20,Dolphins,Miami,Miami Dolphins,MIA,AFC,East,2,AFC East,6,16,,,,,
2016,20,Dolphins,Miami,Miami Dolphins,MIA,AFC,East,2,AFC East,6,17,,,,,
2017,20,Dolphins,Miami,Miami Dolphins,MIA,AFC,East,2,AFC East,6,18,,,,,
2018,20,Dolphins,Miami,Miami Dolphins,MIA,AFC,East,2,AFC East,6,19,,,,,
2019,20,Dolphins,Miami,Miami Dolphins,MIA,AFC,East,2,AFC East,6,20,,,,,
2020,20,Dolphins,Miami,Miami Dolphins,MIA,AFC,East,2,AFC East,6,21,,,,,
2021,20,Dolphins,Miami,Miami Dolphins,MIA,AFC,East,2,AFC East,6,22,,,,,
2022,20,Dolphins,Miami,Miami Dolphins,MIA,AFC,East,2,AFC East,6,23,,,,,
2023,20,Dolphins,Miami,Miami Dolphins,MIA,AFC,East,2,AFC East,6,24,,,,,
2024,20,Dolphins,Miami,Miami Dolphins,MIA,AFC,East,2,AFC East,6,25,,,,,
2025,20,Dolphins,Miami,Miami Dolphins,MIA,AFC,East,2,AFC East,6,26,,,,,
2000,21,Vikings,Minnesota,Minnesota Vikings,MIN,NFC,Central,1,NFC Central,7,1,,,,,
2001,21,Vikings,Minnesota,Minnesota Vikings,MIN,NFC,North,1,NFC North,8,2,,,,,
2002,21,Vikings,Minnesota,Minnesota Vikings,MIN,NFC,North,1,NFC North,8,3,,,,,
2003,21,Vikings,Minnesota,Minnesota Vikings,MIN,NFC,North,1,NFC North,8,4,,,,,
2004,21,Vikings,Minnesota,Minnesota Vikings,MIN,NFC,North,1,NFC North,8,5,,,,,
2005,21,Vikings,Minnesota,Minnesota Vikings,MIN,NFC,North,1,NFC North,8,6,,,,,
2006,21,Vikings,Minnesota,Minnesota Vikings,MIN,NFC,North,1,NFC North,8,7,,,,,
2007,21,Vikings,Minnesota,Minnesota Vikings,MIN,NFC,North,1,NFC North,8,8,,,,,
2008,21,Vikings,Minnesota,Minnesota Vikings,MIN,NFC,North,1,NFC North,8,9,,,,,
2009,21,Vikings,Minnesota,Minnesota Vikings,MIN,NFC,North,1,NFC North,8,10,,,,,
2010,21,Vikings,Minnesota,Minnesota Vikings,MIN,NFC,North,1,NFC North,8,11,,,,,
2011,21,Vikings,Minnesota,Minnesota Vikings,MIN,NFC,North,1,NFC North,8,12,,,,,
2012,21,Vikings,Minnesota,Minnesota Vikings,MIN,NFC,North,1,NFC North,8,13,,,,,
2013,21,Vikings,Minnesota,Minnesota Vikings,MIN,NFC,North,1,NFC North,8,14,,,,,
2014,21,Vikings,Minnesota,Minnesota Vikings,MIN,NFC,North,1,NFC North,8,15,,,,,
2015,21,Vikings,Minnesota,Minnesota Vikings,MIN,NFC,North,1,NFC North,8,16,,,,,
2016,21,Vikings,Minnesota,Minnesota Vikings,MIN,NFC,North,1,NFC North,8,17,,,,,
2017,21,Vikings,Minnesota,Minnesota Vikings,MIN,NFC,North,1,NFC North,8,18,,,,,
2018,21,Vikings,Minnesota,Minnesota Vikings,MIN,NFC,North,1,NFC North,8,19,,,,,
2019,21,Vikings,Minnesota,Minnesota Vikings,MIN,NFC,North,1,NFC North,8,20,,,,,
2020,21,Vikings,Minnesota,Minnesota Vikings,MIN,NFC,North,1,NFC North,8,21,,,,,
2021,21,Vikings,Minnesota,Minnesota Vikings,MIN,NFC,North,1,NFC North,8,22,,,,,
2022,21,Vikings,Minnesota,Minnesota Vikings,MIN,NFC,North,1,NFC North,8,23,,,,,
2023,21,Vikings,Minnesota,Minnesota Vikings,MIN,NFC,North,1,NFC North,8,24,,,,,
2024,21,Vikings,Minnesota,Minnesota Vikings,MIN,NFC,North,1,NFC North,8,25,,,,,
2025,21,Vikings,Minnesota,Minnesota Vikings,MIN,NFC,North,1,NFC North,8,26,,,,,
2000,22,Patriots,New England,New England Patriots,NE,AFC,East,2,AFC East,6,1,,,,,
2001,22,Patriots,New England,New England Patriots,NE,AFC,East,2,AFC East,6,2,,,,,
2002,22,Patriots,New England,New England Patriots,NE,AFC,East,2,AFC East,6,3,,,,,
2003,22,Patriots,New England,New England Patriots,NE,AFC,East,2,AFC East,6,4,,,,,
2004,22,Patriots,New England,New England Patriots,NE,AFC,East,2,AFC East,6,5,,,,,
2005,22,Patriots,New England,New England Patriots,NE,AFC,East,2,AFC East,6,6,,,,,
2006,22,Patriots,New England,New England Patriots,NE,AFC,East,2,AFC East,6,7,,,,,
2007,22,Patriots,New England,New England Patriots,NE,AFC,East,2,AFC East,6,8,,,,,
2008,22,Patriots,New England,New England Patriots,NE,AFC,East,2,AFC East,6,9,,,,,
2009,22,Patriots,New England,New England Patriots,NE,AFC,East,2,AFC East,6,10,,,,,
2010,22,Patriots,New England,New England Patriots,NE,AFC,East,2,AFC East,6,11,,,,,
2011,22,Patriots,New England,New England Patriots,NE,AFC,East,2,AFC East,6,12,,,,,
2012,22,Patriots,New England,New England Patriots,NE,AFC,East,2,AFC East,6,13,,,,,
2013,22,Patriots,New England,New England Patriots,NE,AFC,East,2,AFC East,6,14,,,,,
2014,22,Patriots,New England,New England Patriots,NE,AFC,East,2,AFC East,6,15,,,,,
2015,22,Patriots,New England,New England Patriots,NE,AFC,East,2,AFC East,6,16,,,,,
2016,22,Patriots,New England,New England Patriots,NE,AFC,East,2,AFC East,6,17,,,,,
2017,22,Patriots,New England,New England Patriots,NE,AFC,East,2,AFC East,6,18,,,,,
2018,22,Patriots,New England,New England Patriots,NE,AFC,East,2,AFC East,6,19,,,,,
2019,22,Patriots,New England,New England Patriots,NE,AFC,East,2,AFC East,6,20,,,,,
2020,22,Patriots,New England,New England Patriots,NE,AFC,East,2,AFC East,6,21,,,,,
2021,22,Patriots,New England,New England Patriots,NE,AFC,East,2,AFC East,6,22,,,,,
2022,22,Patriots,New England,New England Patriots,NE,AFC,East,2,AFC East,6,23,,,,,
2023,22,Patriots,New England,New England Patriots,NE,AFC,East,2,AFC East,6,24,,,,,
2024,22,Patriots,New England,New England Patriots,NE,AFC,East,2,AFC East,6,25,,,,,
2025,22,Patriots,New England,New England Patriots,NE,AFC,East,2,AFC East,6,26,,,,,
2000,23,Saints,New Orleans,New Orleans Saints,NO,NFC,South,1,NFC South,2,1,,,,,
2001,23,Saints,New Orleans,New Orleans Saints,NO,NFC,West,1,NFC West,2,2,,,,,
2002,23,Saints,New Orleans,New Orleans Saints,NO,NFC,West,1,NFC West,2,3,,,,,
2003,23,Saints,New Orleans,New Orleans Saints,NO,NFC,South,1,NFC South,2,4,,,,,
2004,23,Saints,New Orleans,New Orleans Saints,NO,NFC,South,1,NFC South,2,5,,,,,
2005,23,Saints,New Orleans,New Orleans Saints,NO,NFC,South,1,NFC South,2,6,,,,,
2006,23,Saints,New Orleans,New Orleans Saints,NO,NFC,South,1,NFC South,2,7,,,,,
2007,23,Saints,New Orleans,New Orleans Saints,NO,NFC,South,1,NFC South,2,8,,,,,
2008,23,Saints,New Orleans,New Orleans Saints,NO,NFC,South,1,NFC South,2,9,,,,,
2009,23,Saints,New Orleans,New Orleans Saints,NO,NFC,South,1,NFC South,2,10,,,,,
2010,23,Saints,New Orleans,New Orleans Saints,NO,NFC,South,1,NFC South,2,11,,,,,
2011,23,Saints,New Orleans,New Orleans Saints,NO,NFC,South,1,NFC South,2,12,,,,,
2012,23,Saints,New Orleans,New Orleans Saints,NO,NFC,South,1,NFC South,2,13,,,,,
2013,23,Saints,New Orleans,New Orleans Saints,NO,NFC,South,1,NFC South,2,14,,,,,
2014,23,Saints,New Orleans,New Orleans Saints,NO,NFC,South,1,NFC South,2,15,,,,,
2015,23,Saints,New Orleans,New Orleans Saints,NO,NFC,South,1,NFC South,2,16,,,,,
2016,23,Saints,New Orleans,New Orleans Saints,NO,NFC,South,1,NFC South,2,17,,,,,
2017,23,Saints,New Orleans,New Orleans Saints,NO,NFC,South,1,NFC South,2,18,,,,,
2018,23,Saints,New Orleans,New Orleans Saints,NO,NFC,South,1,NFC South,2,19,,,,,
2019,23,Saints,New Orleans,New Orleans Saints,NO,NFC,South,1,NFC South,2,20,,,,,
2020,23,Saints,New Orleans,New Orleans Saints,NO,NFC,South,1,NFC South,2,21,,,,,
2021,23,Saints,New Orleans,New Orleans Saints,NO,NFC,South,1,NFC South,2,22,,,,,
2022,23,Saints,New Orleans,New Orleans Saints,NO,NFC,South,1,NFC South,2,23,,,,,
2023,23,Saints,New Orleans,New Orleans Saints,NO,NFC,South,1,NFC South,2,24,,,,,
2024,23,Saints,New Orleans,New Orleans Saints,NO,NFC,South,1,NFC South,2,25,,,,,
2025,23,Saints,New Orleans,New Orleans Saints,NO,NFC,South,1,NFC South,2,26,,,,,
2000,24,Giants,New York,New York Giants,NYG,NFC,East,1,NFC East,1,1,,,,,
2001,24,Giants,New York,New York Giants,NYG,NFC,East,1,NFC East,1,2,,,,,
2002,24,Giants,New York,New York Giants,NYG,NFC,East,1,NFC East,1,3,,,,,
2003,24,Giants,New York,New York Giants,NYG,NFC,East,1,NFC East,1,4,,,,,
2004,24,Giants,New York,New York Giants,NYG,NFC,East,1,NFC East,1,5,,,,,
2005,24,Giants,New York,New York Giants,NYG,NFC,East,1,NFC East,1,6,,,,,
2006,24,Giants,New York,New York Giants,NYG,NFC,East,1,NFC East,1,7,,,,,
2007,24,Giants,New York,New York Giants,NYG,NFC,East,1,NFC East,1,8,,,,,
2008,24,Giants,New York,New York Giants,NYG,NFC,East,1,NFC East,1,9,,,,,
2009,24,Giants,New York,New York Giants,NYG,NFC,East,1,NFC East,1,10,,,,,
2010,24,Giants,New York,New York Giants,NYG,NFC,East,1,NFC East,1,11,,,,,
2011,24,Giants,New York,New York Giants,NYG,NFC,East,1,NFC East,1,12,,,,,
2012,24,Giants,New York,New York Giants,NYG,NFC,East,1,NFC East,1,13,,,,,
2013,24,Giants,New York,New York Giants,NYG,NFC,East,1,NFC East,1,14,,,,,
2014,24,Giants,New York,New York Giants,NYG,NFC,East,1,NFC East,1,15,,,,,
2015,24,Giants,New York,New York Giants,NYG,NFC,East,1,NFC East,1,16,,,,,
2016,24,Giants,New York,New York Giants,NYG,NFC,East,1,NFC East,1,17,,,,,
2017,24,Giants,New York,New York Giants,NYG,NFC,East,1,NFC East,1,18,,,,,
2018,24,Giants,New York,New York Giants,NYG,NFC,East,1,NFC East,1,19,,,,,
2019,24,Giants,New York,New York Giants,NYG,NFC,East,1,NFC East,1,20,,,,,
2020,24,Giants,New York,New York Giants,NYG,NFC,East,1,NFC East,1,21,,,,,
2021,24,Giants,New York,New York Giants,NYG,NFC,East,1,NFC East,1,22,,,,,
2022,24,Giants,New York,New York Giants,NYG,NFC,East,1,NFC East,1,23,,,,,
2023,24,Giants,New York,New York Giants,NYG,NFC,East,1,NFC East,1,24,,,,,
2024,24,Giants,New York,New York Giants,NYG,NFC,East,1,NFC East,1,25,,,,,
2025,24,Giants,New York,New York Giants,NYG,NFC,East,1,NFC East,1,26,,,,,
2000,25,Jets,New York,New York Jets,NYJ,AFC,East,2,AFC East,6,1,,,,,
2001,25,Jets,New York,New York Jets,NYJ,AFC,East,2,AFC East,6,2,,,,,
2002,25,Jets,New York,New York Jets,NYJ,AFC,East,2,AFC East,6,3,,,,,
2003,25,Jets,New York,New York Jets,NYJ,AFC,East,2,AFC East,6,4,,,,,
2004,25,Jets,New York,New York Jets,NYJ,AFC,East,2,AFC East,6,5,,,,,
2005,25,Jets,New York,New York Jets,NYJ,AFC,East,2,AFC East,6,6,,,,,
2006,25,Jets,New York,New York Jets,NYJ,AFC,East,2,AFC East,6,7,,,,,
2007,25,Jets,New York,New York Jets,NYJ,AFC,East,2,AFC East,6,8,,,,,
2008,25,Jets,New York,New York Jets,NYJ,AFC,East,2,AFC East,6,9,,,,,
2009,25,Jets,New York,New York Jets,NYJ,AFC,East,2,AFC East,6,10,,,,,
2010,25,Jets,New York,New York Jets,NYJ,AFC,East,2,AFC East,6,11,,,,,
2011,25,Jets,New York,New York Jets,NYJ,AFC,East,2,AFC East,6,12,,,,,
2012,25,Jets,New York,New York Jets,NYJ,AFC,East,2,AFC East,6,13,,,,,
2013,25,Jets,New York,New York Jets,NYJ,AFC,East,2,AFC East,6,14,,,,,
2014,25,Jets,New York,New York Jets,NYJ,AFC,East,2,AFC East,6,15,,,,,
2015,25,Jets,New York,New York Jets,NYJ,AFC,East,2,AFC East,6,16,,,,,
2016,25,Jets,New York,New York Jets,NYJ,AFC,East,2,AFC East,6,17,,,,,
2017,25,Jets,New York,New York Jets,NYJ,AFC,East,2,AFC East,6,18,,,,,
2018,25,Jets,New York,New York Jets,NYJ,AFC,East,2,AFC East,6,19,,,,,
2019,25,Jets,New York,New York Jets,NYJ,AFC,East,2,AFC East,6,20,,,,,
2020,25,Jets,New York,New York Jets,NYJ,AFC,East,2,AFC East,6,21,,,,,
2021,25,Jets,New York,New York Jets,NYJ,AFC,East,2,AFC East,6,22,,,,,
2022,25,Jets,New York,New York Jets,NYJ,AFC,East,2,AFC East,6,23,,,,,
2023,25,Jets,New York,New York Jets,NYJ,AFC,East,2,AFC East,6,24,,,,,
2024,25,Jets,New York,New York Jets,NYJ,AFC,East,2,AFC East,6,25,,,,,
2025,25,Jets,New York,New York Jets,NYJ,AFC,East,2,AFC East,6,26,,,,,
2000,26,Eagles,Philadelphia,Philadelphia Eagles,PHI,NFC,East,1,NFC East,1,1,,,,,
2001,26,Eagles,Philadelphia,Philadelphia Eagles,PHI,NFC,East,1,NFC East,1,2,,,,,
2002,26,Eagles,Philadelphia,Philadelphia Eagles,PHI,NFC,East,1,NFC East,1,3,,,,,
2003,26,Eagles,Philadelphia,Philadelphia Eagles,PHI,NFC,East,1,NFC East,1,4,,,,,
2004,26,Eagles,Philadelphia,Philadelphia Eagles,PHI,NFC,East,1,NFC East,1,5,,,,,
2005,26,Eagles,Philadelphia,Philadelphia Eagles,PHI,NFC,East,1,NFC East,1,6,,,,,
2006,26,Eagles,Philadelphia,Philadelphia Eagles,PHI,NFC,East,1,NFC East,1,7,,,,,
2007,26,Eagles,Philadelphia,Philadelphia Eagles,PHI,NFC,East,1,NFC East,1,8,,,,,
2008,26,Eagles,Philadelphia,Philadelphia Eagles,PHI,NFC,East,1,NFC East,1,9,,,,,
2009,26,Eagles,Philadelphia,Philadelphia Eagles,PHI,NFC,East,1,NFC East,1,10,,,,,
2010,26,Eagles,Philadelphia,Philadelphia Eagles,PHI,NFC,East,1,NFC East,1,11,,,,,
2011,26,Eagles,Philadelphia,Philadelphia Eagles,PHI,NFC,East,1,NFC East,1,12,,,,,
2012,26,Eagles,Philadelphia,Philadelphia Eagles,PHI,NFC,East,1,NFC East,1,13,,,,,
2013,26,Eagles,Philadelphia,Philadelphia Eagles,PHI,NFC,East,1,NFC East,1,14,,,,,
2014,26,Eagles,Philadelphia,Philadelphia Eagles,PHI,NFC,East,1,NFC East,1,15,,,,,
2015,26,Eagles,Philadelphia,Philadelphia Eagles,PHI,NFC,East,1,NFC East,1,16,,,,,
2016,26,Eagles,Philadelphia,Philadelphia Eagles,PHI,NFC,East,1,NFC East,1,17,,,,,
2017,26,Eagles,Philadelphia,Philadelphia Eagles,PHI,NFC,East,1,NFC East,1,18,,,,,
2018,26,Eagles,Philadelphia,Philadelphia Eagles,PHI,NFC,East,1,NFC East,1,19,,,,,
2019,26,Eagles,Philadelphia,Philadelphia Eagles,PHI,NFC,East,1,NFC East,1,20,,,,,
2020,26,Eagles,Philadelphia,Philadelphia Eagles,PHI,NFC,East,1,NFC East,1,21,,,,,
2021,26,Eagles,Philadelphia,Philadelphia Eagles,PHI,NFC,East,1,NFC East,1,22,,,,,
2022,26,Eagles,Philadelphia,Philadelphia Eagles,PHI,NFC,East,1,NFC East,1,23,,,,,
2023,26,Eagles,Philadelphia,Philadelphia Eagles,PHI,NFC,East,1,NFC East,1,24,,,,,
2024,26,Eagles,Philadelphia,Philadelphia Eagles,PHI,NFC,East,1,NFC East,1,25,,,,,
2025,26,Eagles,Philadelphia,Philadelphia Eagles,PHI,NFC,East,1,NFC East,1,26,,,,,
2000,27,Steelers,Pittsburg,Pittsburg Steelers,PIT,AFC,Central,2,AFC Central,4,1,,,,,
2001,27,Steelers,Pittsburg,Pittsburg Steelers,PIT,AFC,Central,2,AFC Central,4,2,,,,,
2002,27,Steelers,Pittsburg,Pittsburg Steelers,PIT,AFC,North,2,AFC North,5,3,,,,,
2003,27,Steelers,Pittsburg,Pittsburg Steelers,PIT,AFC,North,2,AFC North,5,4,,,,,
2004,27,Steelers,Pittsburg,Pittsburg Steelers,PIT,AFC,North,2,AFC North,5,5,,,,,
2005,27,Steelers,Pittsburg,Pittsburg Steelers,PIT,AFC,North,2,AFC North,5,6,,,,,
2006,27,Steelers,Pittsburg,Pittsburg Steelers,PIT,AFC,North,2,AFC North,5,7,,,,,
2007,27,Steelers,Pittsburg,Pittsburg Steelers,PIT,AFC,North,2,AFC North,5,8,,,,,
2008,27,Steelers,Pittsburg,Pittsburg Steelers,PIT,AFC,North,2,AFC North,5,9,,,,,
2009,27,Steelers,Pittsburg,Pittsburg Steelers,PIT,AFC,North,2,AFC North,5,10,,,,,
2010,27,Steelers,Pittsburg,Pittsburg Steelers,PIT,AFC,North,2,AFC North,5,11,,,,,
2011,27,Steelers,Pittsburg,Pittsburg Steelers,PIT,AFC,North,2,AFC North,5,12,,,,,
2012,27,Steelers,Pittsburg,Pittsburg Steelers,PIT,AFC,North,2,AFC North,5,13,,,,,
2013,27,Steelers,Pittsburg,Pittsburg Steelers,PIT,AFC,North,2,AFC North,5,14,,,,,
2014,27,Steelers,Pittsburg,Pittsburg Steelers,PIT,AFC,North,2,AFC North,5,15,,,,,
2015,27,Steelers,Pittsburg,Pittsburg Steelers,PIT,AFC,North,2,AFC North,5,16,,,,,
2016,27,Steelers,Pittsburg,Pittsburg Steelers,PIT,AFC,North,2,AFC North,5,17,,,,,
2017,27,Steelers,Pittsburg,Pittsburg Steelers,PIT,AFC,North,2,AFC North,5,18,,,,,
2018,27,Steelers,Pittsburg,Pittsburg Steelers,PIT,AFC,North,2,AFC North,5,19,,,,,
2019,27,Steelers,Pittsburg,Pittsburg Steelers,PIT,AFC,North,2,AFC North,5,20,,,,,
2020,27,Steelers,Pittsburg,Pittsburg Steelers,PIT,AFC,North,2,AFC North,5,21,,,,,
2021,27,Steelers,Pittsburg,Pittsburg Steelers,PIT,AFC,North,2,AFC North,5,22,,,,,
2022,27,Steelers,Pittsburg,Pittsburg Steelers,PIT,AFC,North,2,AFC North,5,23,,,,,
2023,27,Steelers,Pittsburg,Pittsburg Steelers,PIT,AFC,North,2,AFC North,5,24,,,,,
2024,27,Steelers,Pittsburg,Pittsburg Steelers,PIT,AFC,North,2,AFC North,5,25,,,,,
2025,27,Steelers,Pittsburg,Pittsburg Steelers,PIT,AFC,North,2,AFC North,5,26,,,,,
2000,28,49ers,San Francisco,San Francisco 49ers,SF,NFC,West,1,NFC West,2,1,,,,,
2001,28,49ers,San Francisco,San Francisco 49ers,SF,NFC,West,1,NFC West,2,2,,,,,
2002,28,49ers,San Francisco,San Francisco 49ers,SF,NFC,West,1,NFC West,2,3,,,,,
2003,28,49ers,San Francisco,San Francisco 49ers,SF,NFC,West,1,NFC West,2,4,,,,,
2004,28,49ers,San Francisco,San Francisco 49ers,SF,NFC,West,1,NFC West,2,5,,,,,
2005,28,49ers,San Francisco,San Francisco 49ers,SF,NFC,West,1,NFC West,2,6,,,,,
2006,28,49ers,San Francisco,San Francisco 49ers,SF,NFC,West,1,NFC West,2,7,,,,,
2007,28,49ers,San Francisco,San Francisco 49ers,SF,NFC,West,1,NFC West,2,8,,,,,
2008,28,49ers,San Francisco,San Francisco 49ers,SF,NFC,West,1,NFC West,2,9,,,,,
2009,28,49ers,San Francisco,San Francisco 49ers,SF,NFC,West,1,NFC West,2,10,,,,,
2010,28,49ers,San Francisco,San Francisco 49ers,SF,NFC,West,1,NFC West,2,11,,,,,
2011,28,49ers,San Francisco,San Francisco 49ers,SF,NFC,West,1,NFC West,2,12,,,,,
2012,28,49ers,San Francisco,San Francisco 49ers,SF,NFC,West,1,NFC West,2,13,,,,,
2013,28,49ers,San Francisco,San Francisco 49ers,SF,NFC,West,1,NFC West,2,14,,,,,
2014,28,49ers,San Francisco,San Francisco 49ers,SF,NFC,West,1,NFC West,2,15,,,,,
2015,28,49ers,San Francisco,San Francisco 49ers,SF,NFC,West,1,NFC West,2,16,,,,,
2016,28,49ers,San Francisco,San Francisco 49ers,SF,NFC,West,1,NFC West,2,17,,,,,
2017,28,49ers,San Francisco,San Francisco 49ers,SF,NFC,West,1,NFC West,2,18,,,,,
2018,28,49ers,San Francisco,San Francisco 49ers,SF,NFC,West,1,NFC West,2,19,,,,,
2019,28,49ers,San Francisco,San Francisco 49ers,SF,NFC,West,1,NFC West,2,20,,,,,
2020,28,49ers,San Francisco,San Francisco 49ers,SF,NFC,West,1,NFC West,2,21,,,,,
2021,28,49ers,San Francisco,San Francisco 49ers,SF,NFC,West,1,NFC West,2,22,,,,,
2022,28,49ers,San Francisco,San Francisco 49ers,SF,NFC,West,1,NFC West,2,23,,,,,
2023,28,49ers,San Francisco,San Francisco 49ers,SF,NFC,West,1,NFC West,2,24,,,,,
2024,28,49ers,San Francisco,San Francisco 49ers,SF,NFC,West,1,NFC West,2,25,,,,,
2025,28,49ers,San Francisco,San Francisco 49ers,SF,NFC,West,1,NFC West,2,26,,,,,
2000,29,Seahawks,Seattle,Seattle Seahawks,SEA,AFC,West,2,AFC West,9,1,,,,,
2001,29,Seahawks,Seattle,Seattle Seahawks,SEA,AFC,West,2,AFC West,9,2,,,,,
2002,29,Seahawks,Seattle,Seattle Seahawks,SEA,NFC,West,1,NFC West,2,3,,,,,
2003,29,Seahawks,Seattle,Seattle Seahawks,SEA,NFC,West,1,NFC West,2,4,,,,,
2004,29,Seahawks,Seattle,Seattle Seahawks,SEA,NFC,West,1,NFC West,2,5,,,,,
2005,29,Seahawks,Seattle,Seattle Seahawks,SEA,NFC,West,1,NFC West,2,6,,,,,
2006,29,Seahawks,Seattle,Seattle Seahawks,SEA,NFC,West,1,NFC West,2,7,,,,,
2007,29,Seahawks,Seattle,Seattle Seahawks,SEA,NFC,West,1,NFC West,2,8,,,,,
2008,29,Seahawks,Seattle,Seattle Seahawks,SEA,NFC,West,1,NFC West,2,9,,,,,
2009,29,Seahawks,Seattle,Seattle Seahawks,SEA,NFC,West,1,NFC West,2,10,,,,,
2010,29,Seahawks,Seattle,Seattle Seahawks,SEA,NFC,West,1,NFC West,2,11,,,,,
2011,29,Seahawks,Seattle,Seattle Seahawks,SEA,NFC,West,1,NFC West,2,12,,,,,
2012,29,Seahawks,Seattle,Seattle Seahawks,SEA,NFC,West,1,NFC West,2,13,,,,,
2013,29,Seahawks,Seattle,Seattle Seahawks,SEA,NFC,West,1,NFC West,2,14,,,,,
2014,29,Seahawks,Seattle,Seattle Seahawks,SEA,NFC,West,1,NFC West,2,15,,,,,
2015,29,Seahawks,Seattle,Seattle Seahawks,SEA,NFC,West,1,NFC West,2,16,,,,,
2016,29,Seahawks,Seattle,Seattle Seahawks,SEA,NFC,West,1,NFC West,2,17,,,,,
2017,29,Seahawks,Seattle,Seattle Seahawks,SEA,NFC,West,1,NFC West,2,18,,,,,
2018,29,Seahawks,Seattle,Seattle Seahawks,SEA,NFC,West,1,NFC West,2,19,,,,,
2019,29,Seahawks,Seattle,Seattle Seahawks,SEA,NFC,West,1,NFC West,2,20,,,,,
2020,29,Seahawks,Seattle,Seattle Seahawks,SEA,NFC,West,1,NFC West,2,21,,,,,
2021,29,Seahawks,Seattle,Seattle Seahawks,SEA,NFC,West,1,NFC West,2,22,,,,,
2022,29,Seahawks,Seattle,Seattle Seahawks,SEA,NFC,West,1,NFC West,2,23,,,,,
2023,29,Seahawks,Seattle,Seattle Seahawks,SEA,NFC,West,1,NFC West,2,24,,,,,
2024,29,Seahawks,Seattle,Seattle Seahawks,SEA,NFC,West,1,NFC West,2,25,,,,,
2025,29,Seahawks,Seattle,Seattle Seahawks,SEA,NFC,West,1,NFC West,2,26,,,,,
2000,30,Buccaneers,Tampa Bay,Tampa Bay Buccaneers,TB,NFC,Central,1,NFC Central,7,1,,,,,
2001,30,Buccaneers,Tampa Bay,Tampa Bay Buccaneers,TB,NFC,Central,1,NFC Central,7,2,,,,,
2002,30,Buccaneers,Tampa Bay,Tampa Bay Buccaneers,TB,NFC,South,1,NFC South,3,3,,,,,
2003,30,Buccaneers,Tampa Bay,Tampa Bay Buccaneers,TB,NFC,South,1,NFC South,3,4,,,,,
2004,30,Buccaneers,Tampa Bay,Tampa Bay Buccaneers,TB,NFC,South,1,NFC South,3,5,,,,,
2005,30,Buccaneers,Tampa Bay,Tampa Bay Buccaneers,TB,NFC,South,1,NFC South,3,6,,,,,
2006,30,Buccaneers,Tampa Bay,Tampa Bay Buccaneers,TB,NFC,South,1,NFC South,3,7,,,,,
2007,30,Buccaneers,Tampa Bay,Tampa Bay Buccaneers,TB,NFC,South,1,NFC South,3,8,,,,,
2008,30,Buccaneers,Tampa Bay,Tampa Bay Buccaneers,TB,NFC,South,1,NFC South,3,9,,,,,
2009,30,Buccaneers,Tampa Bay,Tampa Bay Buccaneers,TB,NFC,South,1,NFC South,3,10,,,,,
2010,30,Buccaneers,Tampa Bay,Tampa Bay Buccaneers,TB,NFC,South,1,NFC South,3,11,,,,,
2011,30,Buccaneers,Tampa Bay,Tampa Bay Buccaneers,TB,NFC,South,1,NFC South,3,12,,,,,
2012,30,Buccaneers,Tampa Bay,Tampa Bay Buccaneers,TB,NFC,South,1,NFC South,3,13,,,,,
2013,30,Buccaneers,Tampa Bay,Tampa Bay Buccaneers,TB,NFC,South,1,NFC South,3,14,,,,,
2014,30,Buccaneers,Tampa Bay,Tampa Bay Buccaneers,TB,NFC,South,1,NFC South,3,15,,,,,
2015,30,Buccaneers,Tampa Bay,Tampa Bay Buccaneers,TB,NFC,South,1,NFC South,3,16,,,,,
2016,30,Buccaneers,Tampa Bay,Tampa Bay Buccaneers,TB,NFC,South,1,NFC South,3,17,,,,,
2017,30,Buccaneers,Tampa Bay,Tampa Bay Buccaneers,TB,NFC,South,1,NFC South,3,18,,,,,
2018,30,Buccaneers,Tampa Bay,Tampa Bay Buccaneers,TB,NFC,South,1,NFC South,3,19,,,,,
2019,30,Buccaneers,Tampa Bay,Tampa Bay Buccaneers,TB,NFC,South,1,NFC South,3,20,,,,,
2020,30,Buccaneers,Tampa Bay,Tampa Bay Buccaneers,TB,NFC,South,1,NFC South,3,21,,,,,
2021,30,Buccaneers,Tampa Bay,Tampa Bay Buccaneers,TB,NFC,South,1,NFC South,3,22,,,,,
2022,30,Buccaneers,Tampa Bay,Tampa Bay Buccaneers,TB,NFC,South,1,NFC South,3,23,,,,,
2023,30,Buccaneers,Tampa Bay,Tampa Bay Buccaneers,TB,NFC,South,1,NFC South,3,24,,,,,
2024,30,Buccaneers,Tampa Bay,Tampa Bay Buccaneers,TB,NFC,South,1,NFC South,3,25,,,,,
2025,30,Buccaneers,Tampa Bay,Tampa Bay Buccaneers,TB,NFC,South,1,NFC South,3,26,,,,,
2000,31,Titans,Tennesee,Tennesee Titans,TEN,AFC,Central,2,AFC Central,4,1,,,,,
2001,31,Titans,Tennesee,Tennesee Titans,TEN,AFC,Central,2,AFC Central,4,2,,,,,
2002,31,Titans,Tennesee,Tennesee Titans,TEN,AFC,South,2,AFC South,10,3,,,,,
2003,31,Titans,Tennesee,Tennesee Titans,TEN,AFC,South,2,AFC South,10,4,,,,,
2004,31,Titans,Tennesee,Tennesee Titans,TEN,AFC,South,2,AFC South,10,5,,,,,
2005,31,Titans,Tennesee,Tennesee Titans,TEN,AFC,South,2,AFC South,10,6,,,,,
2006,31,Titans,Tennesee,Tennesee Titans,TEN,AFC,South,2,AFC South,10,7,,,,,
2007,31,Titans,Tennesee,Tennesee Titans,TEN,AFC,South,2,AFC South,10,8,,,,,
2008,31,Titans,Tennesee,Tennesee Titans,TEN,AFC,South,2,AFC South,10,9,,,,,
2009,31,Titans,Tennesee,Tennesee Titans,TEN,AFC,South,2,AFC South,10,10,,,,,
2010,31,Titans,Tennesee,Tennesee Titans,TEN,AFC,South,2,AFC South,10,11,,,,,
2011,31,Titans,Tennesee,Tennesee Titans,TEN,AFC,South,2,AFC South,10,12,,,,,
2012,31,Titans,Tennesee,Tennesee Titans,TEN,AFC,South,2,AFC South,10,13,,,,,
2013,31,Titans,Tennesee,Tennesee Titans,TEN,AFC,South,2,AFC South,10,14,,,,,
2014,31,Titans,Tennesee,Tennesee Titans,TEN,AFC,South,2,AFC South,10,15,,,,,
2015,31,Titans,Tennesee,Tennesee Titans,TEN,AFC,South,2,AFC South,10,16,,,,,
2016,31,Titans,Tennesee,Tennesee Titans,TEN,AFC,South,2,AFC South,10,17,,,,,
2017,31,Titans,Tennesee,Tennesee Titans,TEN,AFC,South,2,AFC South,10,18,,,,,
2018,31,Titans,Tennesee,Tennesee Titans,TEN,AFC,South,2,AFC South,10,19,,,,,
2019,31,Titans,Tennesee,Tennesee Titans,TEN,AFC,South,2,AFC South,10,20,,,,,
2020,31,Titans,Tennesee,Tennesee Titans,TEN,AFC,South,2,AFC South,10,21,,,,,
2021,31,Titans,Tennesee,Tennesee Titans,TEN,AFC,South,2,AFC South,10,22,,,,,
2022,31,Titans,Tennesee,Tennesee Titans,TEN,AFC,South,2,AFC South,10,23,,,,,
2023,31,Titans,Tennesee,Tennesee Titans,TEN,AFC,South,2,AFC South,10,24,,,,,
2024,31,Titans,Tennesee,Tennesee Titans,TEN,AFC,South,2,AFC South,10,25,,,,,
2025,31,Titans,Tennesee,Tennesee Titans,TEN,AFC,South,2,AFC South,10,26,,,,,
2000,32,Redskins,Washington,Washington Redskins,WAS,NFC,East,1,NFC East,1,1,,,,,
2001,32,Redskins,Washington,Washington Redskins,WAS,NFC,East,1,NFC East,1,2,,,,,
2002,32,Redskins,Washington,Washington Redskins,WAS,NFC,East,1,NFC East,1,3,,,,,
2003,32,Redskins,Washington,Washington Redskins,WAS,NFC,East,1,NFC East,1,4,,,,,
2004,32,Redskins,Washington,Washington Redskins,WAS,NFC,East,1,NFC East,1,5,,,,,
2005,32,Redskins,Washington,Washington Redskins,WAS,NFC,East,1,NFC East,1,6,,,,,
2006,32,Redskins,Washington,Washington Redskins,WAS,NFC,East,1,NFC East,1,7,,,,,
2007,32,Redskins,Washington,Washington Redskins,WAS,NFC,East,1,NFC East,1,8,,,,,
2008,32,Redskins,Washington,Washington Redskins,WAS,NFC,East,1,NFC East,1,9,,,,,
2009,32,Redskins,Washington,Washington Redskins,WAS,NFC,East,1,NFC East,1,10,,,,,
2010,32,Redskins,Washington,Washington Redskins,WAS,NFC,East,1,NFC East,1,11,,,,,
2011,32,Redskins,Washington,Washington Redskins,WAS,NFC,East,1,NFC East,1,12,,,,,
2012,32,Redskins,Washington,Washington Redskins,WAS,NFC,East,1,NFC East,1,13,,,,,
2013,32,Redskins,Washington,Washington Redskins,WAS,NFC,East,1,NFC East,1,14,,,,,
2014,32,Redskins,Washington,Washington Redskins,WAS,NFC,East,1,NFC East,1,15,,,,,
2015,32,Redskins,Washington,Washington Redskins,WAS,NFC,East,1,NFC East,1,16,,,,,
2016,32,Redskins,Washington,Washington Redskins,WAS,NFC,East,1,NFC East,1,17,,,,,
2017,32,Redskins,Washington,Washington Redskins,WAS,NFC,East,1,NFC East,1,18,,,,,
2018,32,Redskins,Washington,Washington Redskins,WAS,NFC,East,1,NFC East,1,19,,,,,
2019,32,Redskins,Washington,Washington Redskins,WAS,NFC,East,1,NFC East,1,20,,,,,
2020,32,Football Team,Washington,Washington Football Team,WAS,NFC,East,1,NFC East,1,21,,,,,
2021,32,Football Team,Washington,Washington Football Team,WAS,NFC,East,1,NFC East,1,22,,,,,
2022,32,Commanders,Washington,Washington Commanders,WAS,NFC,East,1,NFC East,1,23,,,,,
2023,32,Commanders,Washington,Washington Commanders,WAS,NFC,East,1,NFC East,1,24,,,,,
2024,32,Commanders,Washington,Washington Commanders,WAS,NFC,East,1,NFC East,1,25,,,,,
2025,32,Commanders,Washington,Washington Commanders,WAS,NFC,East,1,NFC East,1,26,,,,,
,,,, ,,,,, ,,,,,,,
,,,, ,,,,, ,,,,,,,
,,,, ,,,,, ,,,,,,,
,,,, ,,,,, ,,,,,,,
,,,, ,,,,, ,,,,,,,
,,,, ,,,,, ,,,,,,,
,,,, ,,,,, ,,,,,,,
,,,, ,,,,, ,,,,,,,
,,,, ,,,,, ,,,,,,,
,,,, ,,,,, ,,,,,,,
,,,, ,,,,, ,,,,,,,
,,,, ,,,,, ,,,,,,,
,,,, ,,,,, ,,,,,,,
,,,, ,,,,, ,,,,,,,
,,,, ,,,,, ,,,,,,,
,,,, ,,,,, ,,,,,,,
,,,, ,,,,, ,,,,,,,
,,,, ,,,,, ,,,,,,,
,,,, ,,,,, ,,,,,,,
,,,, ,,,,, ,,,,,,,
,,,, ,,,,, ,,,,,,,
,,,, ,,,,, ,,,,,,,
,,,, ,,,,, ,,,,,,,
,,,, ,,,,, ,,,,,,,
,,,, ,,,,, ,,,,,,,
,,,, ,,,,, ,,,,,,,
,,,, ,,,,, ,,,,,,,
,,,, ,,,,, ,,,,,,,
,,,, ,,,,, ,,,,,,,
,,,, ,,,,, ,,,,,,,
,,,, ,,,,, ,,,,,,,
,,,, ,,,,, ,,,,,,,
,,,, ,,,,, ,,,,,,,
,,,, ,,,,, ,,,,,,,
,,,, ,,,,, ,,,,,,,
,,,, ,,,,, ,,,,,,,
,,,, ,,,,, ,,,,,,,
,,,, ,,,,, ,,,,,,,
,,,, ,,,,, ,,,,,,,
,,,, ,,,,, ,,,,,,,
,,,, ,,,,, ,,,,,,,
,,,, ,,,,, ,,,,,,,
,,,, ,,,,, ,,,,,,,
,,,, ,,,,, ,,,,,,,
,,,, ,,,,, ,,,,,,,
,,,, ,,,,, ,,,,,,,
,,,, ,,,,, ,,,,,,,
,,,, ,,,,, ,,,,,,,
,,,, ,,,,, ,,,,,,,
,,,, ,,,,, ,,,,,,,
,,,, ,,,,, ,,,,,,,
,,,, ,,,,, ,,,,,,,
,,,, ,,,,, ,,,,,,,
,,,, ,,,,, ,,,,,,,
,,,, ,,,,, ,,,,,,,
,,,, ,,,,, ,,,,,,,
,,,, ,,,,, ,,,,,,,
,,,, ,,,,, ,,,,,,,
,,,, ,,,,, ,,,,,,,
,,,, ,,,,, ,,,,,,,
,,,, ,,,,, ,,,,,,,
,,,, ,,,,, ,,,,,,,
,,,, ,,,,, ,,,,,,,
,,,, ,,,,, ,,,,,,,
,,,, ,,,,, ,,,,,,,
,,,, ,,,,, ,,,,,,,
,,,, ,,,,, ,,,,,,,
,,,, ,,,,, ,,,,,,,
,,,, ,,,,, ,,,,,,,
,,,, ,,,,, ,,,,,,,
,,,, ,,,,, ,,,,,,,
,,,, ,,,,, ,,,,,,,
,,,, ,,,,, ,,,,,,,
,,,, ,,,,, ,,,,,,,
,,,, ,,,,, ,,,,,,,
,,,, ,,,,, ,,,,,,,
,,,, ,,,,, ,,,,,,,
,,,, ,,,,, ,,,,,,,
,,,, ,,,,, ,,,,,,,
,,,, ,,,,, ,,,,,,,
,,,, ,,,,, ,,,,,,,
,,,, ,,,,, ,,,,,,,
,,,, ,,,,, ,,,,,,,
,,,, ,,,,, ,,,,,,,
,,,, ,,,,, ,,,,,,,
,,,, ,,,,, ,,,,,,,
,,,, ,,,,, ,,,,,,,
,,,, ,,,,, ,,,,,,,
,,,, ,,,,, ,,,,,,,
,,,, ,,,,, ,,,,,,,
,,,, ,,,,, ,,,,,,,
,,,, ,,,,, ,,,,,,,
,,,, ,,,,, ,,,,,,,
,,,, ,,,,, ,,,,,,,
,,,, ,,,,, ,,,,,,,
,,,, ,,,,, ,,,,,,,
,,,, ,,,,, ,,,,,,,
,,,, ,,,,, ,,,,,,,
,,,, ,,,,, ,,,,,,,
,,,, ,,,,, ,,,,,,,
,,,, ,,,,, ,,,,,,,
,,,, ,,,,, ,,,,,,,
,,,, ,,,,, ,,,,,,,
,,,, ,,,,, ,,,,,,,
,,,, ,,,,, ,,,,,,,
,,,, ,,,,, ,,,,,,,
,,,, ,,,,, ,,,,,,,
,,,, ,,,,, ,,,,,,,
,,,, ,,,,, ,,,,,,,
,,,, ,,,,, ,,,,,,,
,,,, ,,,,, ,,,,,,,
,,,, ,,,,, ,,,,,,,
,,,, ,,,,, ,,,,,,,
,,,, ,,,,, ,,,,,,,
,,,, ,,,,, ,,,,,,,
,,,, ,,,,, ,,,,,,,
,,,, ,,,,, ,,,,,,,
,,,, ,,,,, ,,,,,,,
,,,, ,,,,, ,,,,,,,
,,,, ,,,,, ,,,,,,,
,,,, ,,,,, ,,,,,,,
,,,, ,,,,, ,,,,,,,
,,,, ,,,,, ,,,,,,,
,,,, ,,,,, ,,,,,,,
,,,, ,,,,, ,,,,,,,
,,,, ,,,,, ,,,,,,,
,,,, ,,,,, ,,,,,,,
,,,, ,,,,, ,,,,,,,
,,,, ,,,,, ,,,,,,,
,,,, ,,,,, ,,,,,,,
,,,, ,,,,, ,,,,,,,
,,,, ,,,,, ,,,,,,,
,,,, ,,,,, ,,,,,,,
,,,, ,,,,, ,,,,,,,
,,,, ,,,,, ,,,,,,,
,,,, ,,,,, ,,,,,,,
,,,, ,,,,, ,,,,,,,
,,,, ,,,,, ,,,,,,,
,,,, ,,,,, ,,,,,,,
,,,, ,,,,, ,,,,,,,
,,,, ,,,,, ,,,,,,,
,,,, ,,,,, ,,,,,,,
,,,, ,,,,, ,,,,,,,
,,,, ,,,,, ,,,,,,,
,,,, ,,,,, ,,,,,,,
,,,, ,,,,, ,,,,,,,
,,,, ,,,,, ,,,,,,,
,,,, ,,,,, ,,,,,,,
,,,, ,,,,, ,,,,,,,
,,,, ,,,,, ,,,,,,,
,,,, ,,,,, ,,,,,,,
,,,, ,,,,, ,,,,,,,
,,,, ,,,,, ,,,,,,,
,,,, ,,,,, ,,,,,,,
,,,, ,,,,, ,,,,,,,
,,,, ,,,,, ,,,,,,,
,,,, ,,,,, ,,,,,,,
,,,, ,,,,, ,,,,,,,
,,,, ,,,,, ,,,,,,,
,,,, ,,,,, ,,,,,,,
,,,, ,,,,, ,,,,,,,
,,,, ,,,,, ,,,,,,,
,,,, ,,,,, ,,,,,,,
,,,, ,,,,, ,,,,,,,
,,,, ,,,,, ,,,,,,,
,,,, ,,,,, ,,,,,,,
,,,, ,,,,, ,,,,,,,
,,,, ,,,,, ,,,,,,,
,,,, ,,,,, ,,,,,,,